G00012MO	Glycosphingolipid Isoglobo series	WURCS=2.0/4,4,3/[u2122h][a2112h-1b_1-5][a2112h-1a_1-5][a2112h-1b_1-5_2*NCC/3=O]/1-2-3-4/a4-b1_b3-c1_c3-d1
G00013MO	Glycosphingolipid Muco series	WURCS=2.0/2,4,3/[u2122h][a2112h-1b_1-5]/1-2-2-2/a4-b1_b4-c1_c3-d1
G00014MO	Glycosphingolipid Arthro series	WURCS=2.0/4,4,3/[u2122h][a1122h-1b_1-5][a2122h-1b_1-5_2*NCC/3=O][a2112h-1b_1-5_2*NCC/3=O]/1-2-3-4/a4-b1_b3-c1_c4-d1
G00015MO	Glycosphingolipid Mollu series	WURCS=2.0/4,4,3/[u2122h][a1122h-1b_1-5][a1122h-1a_1-5][a2122h-1b_1-5_2*NCC/3=O]/1-2-3-4/a4-b1_b3-c1_c2-d1
G00016MO	Glycosphingolipid Gala series	WURCS=2.0/2,2,1/[u2112h][a2112h-1a_1-5]/1-2/a4-b1
G00017MO	Hyluronan	WURCS=2.0/3,4,3/[u2122h_2*NCC/3=O][a2122A-1b_1-5][a2122h-1b_1-5_2*NCC/3=O]/1-2-3-2/a3-b1_b4-c1_c3-d1
G00018MO	Chondroitin 4S	WURCS=2.0/3,4,3/[u2112h_2*NCC/3=O_4*OSO/3=O/3=O][a2122A-1b_1-5][a2112h-1b_1-5_2*NCC/3=O_4*OSO/3=O/3=O]/1-2-3-2/a3-b1_b4-c1_c3-d1
G00019MO	Dermatansulfate	WURCS=2.0/3,4,3/[u2112h_2*NCC/3=O_4*OSO/3=O/3=O][a1212A-1b_1-5][a2112h-1b_1-5_2*NCC/3=O_4*OSO/3=O/3=O]/1-2-3-2/a3-b1_b4-c1_c3-d1
G00020MO	Keratansulfate	WURCS=2.0/3,4,3/[u2122h_2*NCC/3=O_6*OSO/3=O/3=O][a2112h-1b_1-5][a2122h-1b_1-5_2*NCC/3=O_6*OSO/3=O/3=O]/1-2-3-2/a4-b1_b3-c1_c4-d1
G00021MO	Heparin	WURCS=2.0/4,4,3/[u2122h_2*NCC/3=O_6*OSO/3=O/3=O_?*OSO/3=O/3=O][a1212A-1a_1-5_2*OSO/3=O/3=O][a2122h-1b_1-5_2*NCC/3=O_6*OSO/3=O/3=O_?*OSO/3=O/3=O][a1212A-1a_1-5]/1-2-3-4/a4-b1_b4-c1_c4-d1
G00022MO	LPS core	WURCS=2.0/5,8,7/[a2122h-1x_1-5_2*N][a2122h-1b_1-5_2*N][Aad1122h-2b_2-6][Aad1122h-2x_2-6][axxxxxh-1x_1-?]/1-2-3-4-5-5-5-5/a6-b1_b6-c2_c?-d2_c?-g?_e?-h?_f?-h?_g?-h?
G00023MO	Peptidoglycan	WURCS=2.0/3,4,3/[a2122h-1x_1-5_2*NCC/3=O][a2122h-1b_1-5_2*NCC/3=O_3*OCC^RC/4O/3=O][a2122h-1b_1-5_2*NCC/3=O]/1-2-3-2/a4-b1_b4-c1_c4-d1
G00024MO	Beta-glucan	WURCS=2.0/1,3,2/[a2122h-1b_1-5]/1-1-1/a3-b1_b3-c1
G00025MO	Cellulose like Glc(1-4)n	WURCS=2.0/1,4,3/[a2122h-1b_1-5]/1-1-1-1/a4-b1_b4-c1_c4-d1
G00026MO	N-Glycan core basic	WURCS=2.0/4,5,4/[u2122h_2*NCC/3=O][a2122h-1b_1-5_2*NCC/3=O][a1122h-1b_1-5][a1122h-1a_1-5]/1-2-3-4-4/a4-b1_b4-c1_c3-d1_c6-e1
G00027MO	N-Glycan truncated motif. First GlcpNAC cut off	WURCS=2.0/3,4,3/[a2122h-1b_1-5_2*NCC/3=O][a1122h-1b_1-5][a1122h-1a_1-5]/1-2-3-3/a4-b1_b3-c1_b6-d1
G00028MO	N-Glycan high mannose	WURCS=2.0/4,7,6/[u2122h_2*NCC/3=O][a2122h-1b_1-5_2*NCC/3=O][a1122h-1b_1-5][a1122h-1a_1-5]/1-2-3-4-4-4-4/a4-b1_b4-c1_c3-d1_c6-e1_e3-f1_e6-g1
G00029MO	N-Glycan hybrid	WURCS=2.0/4,7,6/[a2122h-1x_1-5_2*NCC/3=O][a2122h-1b_1-5_2*NCC/3=O][a1122h-1b_1-5][a1122h-1a_1-5]/1-2-3-4-2-4-4/a4-b1_b4-c1_c3-d1_c6-f1_e1-d2|d4_g1-f3|f6
G00030MO	N-Glycan complex	WURCS=2.0/4,7,6/[u2122h_2*NCC/3=O][a2122h-1b_1-5_2*NCC/3=O][a1122h-1b_1-5][a1122h-1a_1-5]/1-2-3-4-2-4-2/a4-b1_b4-c1_c3-d1_c6-f1_e1-d2|d4_g1-f2|f4
G00031MO	T (also TF) antigen,T (also TF)  antigen,O-Glycan core 1,Core 1 / T antigen,T Antigen,T antigen,TF antigen	WURCS=2.0/2,2,1/[a2112h-1a_1-5_2*NCC/3=O][a2112h-1b_1-5]/1-2/a3-b1
G00032MO	O-Glycan core 1 fuzzy	WURCS=2.0/2,2,1/[u2112h_2*NCC/3=O][a2112h-1b_1-5]/1-2/a3-b1
G00033MO	O-Glycan core 2	WURCS=2.0/3,3,2/[a2112h-1a_1-5_2*NCC/3=O][a2112h-1b_1-5][a2122h-1b_1-5_2*NCC/3=O]/1-2-3/a3-b1_a6-c1
G00034MO	O-Glycan core 2 fuzzy	WURCS=2.0/3,3,2/[u2112h_2*NCC/3=O][a2112h-1b_1-5][a2122h-1b_1-5_2*NCC/3=O]/1-2-3/a3-b1_a6-c1
G00035MO	O-Glycan core 3	WURCS=2.0/2,2,1/[a2112h-1a_1-5_2*NCC/3=O][a2122h-1b_1-5_2*NCC/3=O]/1-2/a3-b1
G00036MO	O-Glycan core 3 fuzzy	WURCS=2.0/2,2,1/[u2112h_2*NCC/3=O][a2122h-1b_1-5_2*NCC/3=O]/1-2/a3-b1
G00037MO	O-Glycan core 4	WURCS=2.0/2,3,2/[a2112h-1a_1-5_2*NCC/3=O][a2122h-1b_1-5_2*NCC/3=O]/1-2-2/a3-b1_a6-c1
G00038MO	O-Glycan core 4 fuzzy	WURCS=2.0/2,3,2/[u2112h_2*NCC/3=O][a2122h-1b_1-5_2*NCC/3=O]/1-2-2/a3-b1_a6-c1
G00039MO	O-Glycan core 5	WURCS=2.0/1,2,1/[a2112h-1a_1-5_2*NCC/3=O]/1-1/a3-b1
G00040MO	O-Glycan core 5 fuzzy	WURCS=2.0/2,2,1/[u2112h_2*NCC/3=O][a2112h-1a_1-5_2*NCC/3=O]/1-2/a3-b1
G00041MO	O-Glycan core 6	WURCS=2.0/2,2,1/[a2112h-1a_1-5_2*NCC/3=O][a2122h-1b_1-5_2*NCC/3=O]/1-2/a6-b1
G00042MO	O-Glycan core 6 Fuzzy	WURCS=2.0/2,2,1/[u2112h_2*NCC/3=O][a2122h-1b_1-5_2*NCC/3=O]/1-2/a6-b1
G00043MO	O-Glycan core 7	WURCS=2.0/1,2,1/[a2112h-1a_1-5_2*NCC/3=O]/1-1/a6-b1
G00044MO	O-Glycan core 7 fuzzy	WURCS=2.0/2,2,1/[u2112h_2*NCC/3=O][a2112h-1a_1-5_2*NCC/3=O]/1-2/a6-b1
G00045MO	GPI anchor core	WURCS=2.0/2,4,3/[u2122h_2*N][a1122h-1a_1-5]/1-2-2-2/a4-b1_b6-c1_c2-d1
G00046MO	a-Gal antigen,Galalpha1-3Gal epitope	WURCS=2.0/2,2,1/[u2112h][a2112h-1a_1-5]/1-2/a3-b1
G00047MO	Lewis a,Lewis a (Lea),Lewis A,Lea	WURCS=2.0/3,3,2/[a2122h-1x_1-5_2*NCC/3=O][a2112h-1b_1-5][a1221m-1a_1-5]/1-2-3/a3-b1_a4-c1
G00048MO	Lewis b,Lewis B	WURCS=2.0/3,4,3/[a2122h-1b_1-5_2*NCC/3=O][a2112h-1b_1-5][a1221m-1a_1-5]/1-2-3-3/a3-b1_a4-d1_b2-c1
G00049MO	Lactotetraosylceramide,Lewis C	WURCS=2.0/3,4,3/[a2122h-1b_1-5][a2112h-1b_1-5][a2122h-1b_1-5_2*NCC/3=O]/1-2-3-2/a4-b1_b3-c1_c3-d1
G00050MO	Lewis D	WURCS=2.0/4,5,4/[a2122h-1b_1-5][a2112h-1b_1-5][a2122h-1b_1-5_2*NCC/3=O][a1221m-1a_1-5]/1-2-3-2-4/a4-b1_b3-c1_c3-d1_d2-e1
G00051MO	Lewis x,Lewis X	WURCS=2.0/3,3,2/[a2122h-1b_1-5_2*NCC/3=O][a1221m-1a_1-5][a2112h-1b_1-5]/1-2-3/a3-b1_a4-c1
G00052MO	Lewis y,Lewis a,Blood group H (type 2) (Ley),Lewis b (Leb),Blood group H (type 2)  (Lewis Y),Lewis b (Lewis b),Lewis Y,Lewis b,Leb,Blood group H (type 2),Ley	WURCS=2.0/3,4,3/[a2122h-1b_1-5_2*NCC/3=O][a1221m-1a_1-5][a2112h-1b_1-5]/1-2-3-2/a3-b1_a4-c1_c2-d1
G00053MO	Sialyl Lewis a (SLea)(CA19-9 antigen),Sialyl Lewis a,Sialyl Lewis a (SLea)  (CA19-9 antigen),Sialyl Lewis A,Slea,CA19-9 antigen	WURCS=2.0/4,4,3/[a2122h-1b_1-5_2*NCC/3=O][a2112h-1b_1-5][Aad21122h-2a_2-6_5*NCC/3=O][a1221m-1a_1-5]/1-2-3-4/a3-b1_a4-d1_b3-c2
G00054MO	Sialyl Lewis x,Sialyl Lewis x (SLex),Sialyl-Lewis X,Sialyl Lewis X,Slex	WURCS=2.0/4,4,3/[a2122h-1b_1-5_2*NCC/3=O][a1221m-1a_1-5][a2112h-1b_1-5][Aad21122h-2a_2-6_5*NCC/3=O]/1-2-3-4/a3-b1_a4-c1_c3-d2
G00055MO	LN, N-acetyllactosamine,Type 2 LN (N-acetyllactosamine),Lactosamine Type 2,Lactosamine motif,Type 2 LN,N-acetyllactosamine	WURCS=2.0/2,2,1/[a2122h-1b_1-5_2*NCC/3=O][a2112h-1b_1-5]/1-2/a4-b1
G00056MO	Type 1 LN,Lactosamine Type 1,Neo Lactosamine	WURCS=2.0/2,2,1/[a2122h-1b_1-5_2*NCC/3=O][a2112h-1b_1-5]/1-2/a3-b1
G00057MO	LDN,  LacdiNAc,LacDiNAc	WURCS=2.0/2,2,1/[a2122h-1b_1-5_2*NCC/3=O][a2112h-1b_1-5_2*NCC/3=O]/1-2/a4-b1
G00058MO	Type 2 LN2 (I' antigen)',Type 2 LN2 (‘‘I’’ antigen),i antigen,Polylactosamine,i Antigen,Type 2 LN2,I' antigen	WURCS=2.0/2,4,3/[a2122h-1b_1-5_2*NCC/3=O][a2112h-1b_1-5]/1-2-1-2/a4-b1_b3-c1_c4-d1
G00059MO	Pk antigen,Pk antigen (Gb3, globotriaosylceramide),Globotriaosylceramide,Gb3,Pk Antigen,Pk-Antigen,globotriaosylceramide	WURCS=2.0/3,3,2/[a2122h-1b_1-5][a2112h-1b_1-5][a2112h-1a_1-5]/1-2-3/a4-b1_b4-c1
G00060MO	P1 antigen,P1-Antigen	WURCS=2.0/4,5,4/[a2122h-1b_1-5][a2112h-1b_1-5][a2112h-1b_1-5_2*NCC/3=O][a2112h-1a_1-5]/1-2-3-2-4/a4-b1_b3-c1_c4-d1_d4-e1
G00061MO	P antigen,Globoside,Globotetraosylceramide,Globoside (P antigen) (Gb4),P-Antigen,Globoside(P antigen)  (Gb4),Gb4	WURCS=2.0/4,4,3/[a2122h-1b_1-5][a2112h-1b_1-5][a2112h-1a_1-5][a2112h-1b_1-5_2*NCC/3=O]/1-2-3-4/a4-b1_b4-c1_c3-d1
G00062MO	Sda/CT antigen,SDA	WURCS=2.0/4,5,4/[a2112h-1b_1-5][a2122h-1b_1-5_2*NCC/3=O][Aad21122h-2a_2-6_5*NCC/3=O][a2112h-1b_1-5_2*NCC/3=O]/1-2-1-3-4/a3-b1_b4-c1_c3-d2_c4-e1
G00063MO	CAD	WURCS=2.0/3,5,4/[a2112h-1b_1-5_2*NCC/3=O][a2112h-1b_1-5][Aad21122h-2a_2-6_5*NCC/3=O]/1-2-3-1-3/a3-b1_a6-e2_b3-c2_b4-d1
G00064MO	Forssman glycolipid,Forssmann	WURCS=2.0/5,5,4/[a2122h-1b_1-5][a2112h-1b_1-5][a2112h-1a_1-5][a2112h-1b_1-5_2*NCC/3=O][a2122h-1a_1-5_2*NCC/3=O]/1-2-3-4-5/a4-b1_b4-c1_c3-d1_d3-e1
G00065MO	VIM-2,3′-sialyl-N-acetyllactosamine,Polysialic acid,VIM,Sialosyl paragloboside	WURCS=2.0/3,3,2/[a2122h-1b_1-5_2*NCC/3=O][a2112h-1b_1-5][Aad21122h-2a_2-6_5*NCC/3=O]/1-2-3/a4-b1_b3-c2
G00066MO	Blood Group A Trisaccharide,Blood group A	WURCS=2.0/3,3,2/[a2112h-1b_1-5][a1221m-1a_1-5][a2112h-1a_1-5_2*NCC/3=O]/1-2-3/a2-b1_a3-c1
G00067MO	Blood Group B,Blood group B	WURCS=2.0/2,3,2/[a2112h-1b_1-5][a1221m-1a_1-5]/1-2-1/a2-b1_a3-c1
G00068MO	Blood Group H,Blood group H,Blood Group H Disaccharide	WURCS=2.0/2,2,1/[a2112h-1b_1-5][a1221m-1a_1-5]/1-2/a2-b1
G00069MO	Glycosphingolipid Lacto series	WURCS=2.0/3,4,3/[u2122h][a2112h-1b_1-5][a2122h-1b_1-5_2*NCC/3=O]/1-2-3-2/a4-b1_b3-c1_c3-d1
G00070MO	Glycosphingolipid Neo-lacto series	WURCS=2.0/3,4,3/[u2122h][a2112h-1b_1-5][a2122h-1b_1-5_2*NCC/3=O]/1-2-3-2/a4-b1_b3-c1_c4-d1
G00071MO	Glycosphingolipid Ganglio series	WURCS=2.0/3,4,3/[u2122h][a2112h-1b_1-5][a2112h-1b_1-5_2*NCC/3=O]/1-2-3-2/a4-b1_b4-c1_c3-d1
G00072MO	Glycosphingolipid Globo series	WURCS=2.0/3,4,3/[u2122h][a2112h-1b_1-5][a2112h-1b_1-5_2*NCC/3=O]/1-2-2-3/a4-b1_b4-c1_c3-d1
G00076PK	P1 Antigen	WURCS=2.0/3,3,2/[a2122h-1b_1-5_2*NCC/3=O][a2112h-1b_1-5][a2112h-1a_1-5]/1-2-3/a4-b1_b4-c1
G00294TN	Blood group H (type 1)	WURCS=2.0/3,4,3/[a2112h-1b_1-5][a2122h-1b_1-5_2*NCC/3=O][a1221m-1a_1-5]/1-2-1-3/a3-b1_b3-c1_c2-d1
G00407UJ	Asialo-GM1	WURCS=2.0/3,4,3/[a2122h-1x_1-5][a2112h-1b_1-5][a2112h-1b_1-5_2*NCC/3=O]/1-2-3-2/a4-b1_b4-c1_c3-d1
G00552RX	GP1ca	WURCS=2.0/4,8,7/[a2122h-1b_1-5][Aad21122h-2a_2-6_5*NCC/3=O][a2112h-1b_1-5_2*NCC/3=O][a2112h-1b_1-5]/1-2-2-2-3-4-2-2/a3-b2_a4-e1_b8-c2_c8-d2_e3-f1_e6-h2_f3-g2
G00619DD		WURCS=2.0/1,3,2/[a1122h-1a_1-5]/1-1-1/a3-b1_a6-c1
G00631TY		WURCS=2.0/4,8,7/[a2121A-1x_1-5_2*OSO/3=O/3=O][a2122h-1a_1-5_2*OSO/3=O/3=O_6*OSO/3=O/3=O_?*N][a2121A-1a_1-5_2*OSO/3=O/3=O][a2122h-1a_1-5_?*N]/1-2-3-2-3-2-3-4/a4-b1_b4-c1_c4-d1_d4-e1_e4-f1_f4-g1_g4-h1
G00659GQ	6,6'-DiSulfo Sialyl Lewis x,6,6'- Disulfo Sialyl Lewis x,6,6-bisSulfo-Lewis x (6,60-bissulfo Lewis x ),6,6'-bisSulfo-Lewis x,6,6'-bissulfo Lex,6,6'-Disulfo Sialyl Lewis x	WURCS=2.0/4,4,3/[a2122h-1b_1-5_2*NCC/3=O_6*OSO/3=O/3=O][a1221m-1a_1-5][a2112h-1b_1-5_6*OSO/3=O/3=O][Aad21122h-2a_2-6_5*NCC/3=O]/1-2-3-4/a3-b1_a4-c1_c3-d2
G00672PE	6'-Sulfo Sialyl Lewis x,6-Sulfo-sialyl Lewis x (6-sulfo SLewis x),6'-sulfo SLex	WURCS=2.0/4,4,3/[a2122h-1b_1-5_2*NCC/3=O][a1221m-1a_1-5][a2112h-1b_1-5_6*OSO/3=O/3=O][Aad21122h-2a_2-6_5*NCC/3=O]/1-2-3-4/a3-b1_a4-c1_c3-d2
G00711NG		WURCS=2.0/2,5,4/[a1122h-1x_1-5][a1122h-1a_1-5]/1-2-2-2-2/a3-b1_b6-c1_c3-d1_c6-e1
G00998NI		WURCS=2.0/6,10,9/[a2122h-1x_1-5_2*NCC/3=O][a2122h-1b_1-5_2*NCC/3=O][a1122h-1b_1-5][a1122h-1a_1-5][a2112h-1b_1-5][a1221m-1a_1-5]/1-2-3-4-2-5-4-2-5-6/a4-b1_a6-j1_b4-c1_c3-d1_c6-g1_d2-e1_e4-f1_g2-h1_h4-i1
G01187XC	Lewis x (Lex) (SSEA-1),Lewis x   (SSEA-1),Lewis x,Lex,SSEA-1	WURCS=2.0/3,3,2/[a2122h-1x_1-5_2*NCC/3=O][a1221m-1a_1-5][a2112h-1b_1-5]/1-2-3/a3-b1_a4-c1
G01296LJ		WURCS=2.0/5,8,7/[a2122h-1b_1-5][a2112h-1b_1-5][a2122h-1b_1-5_2*NCC/3=O][a1221m-1a_1-5][Aad21122h-2a_2-6_5*NCC/3=O]/1-2-3-4-2-3-2-5/a4-b1_b3-c1_c3-d1_c4-e1_e3-f1_f4-g1_g3-h2
G01361SX		WURCS=2.0/1,4,3/[a2122h-1b_1-5_2*NCC/3=O]/1-1-1-1/a4-b1_b4-c1_c4-d1
G01614ZM	Di-sialyl T antigen,Disialyl T Antigen	WURCS=2.0/3,4,3/[a2112h-1a_1-5_2*NCC/3=O][a2112h-1b_1-5][Aad21122h-2a_2-6_5*NCC/3=O]/1-2-3-3/a3-b1_a6-d2_b3-c2
G01767JJ	2-3 Sialylparagloboside,Sialosylparagloboside	WURCS=2.0/4,5,4/[a2122h-1b_1-5][a2112h-1b_1-5][a2122h-1b_1-5_2*NCC/3=O][Aad21122h-2a_2-6_5*NCC/3=O]/1-2-3-2-4/a4-b1_b3-c1_c4-d1_d3-e2
G01866TT		WURCS=2.0/2,6,5/[a2122h-1b_1-5_2*NCC/3=O][a2122A-1b_1-5]/1-2-1-2-1-2/a3-b1_b4-c1_c3-d1_d4-e1_e3-f1
G02149VR	GT1aa,GT1a alpha	WURCS=2.0/4,7,6/[a2122h-1b_1-5][a2112h-1b_1-5][Aad21122h-2a_2-6_5*NCC/3=O][a2112h-1b_1-5_2*NCC/3=O]/1-2-3-4-2-3-3/a4-b1_b3-c2_b4-d1_d3-e1_d6-g2_e3-f2
G02240AO	Fucosylated LDN,Fucosylated LDN (LDNF),LDN-F,LDNF	WURCS=2.0/3,3,2/[a2122h-1x_1-5_2*NCC/3=O][a1221m-1a_1-5][a2112h-1b_1-5_2*NCC/3=O]/1-2-3/a3-b1_a4-c1
G02425YO		WURCS=2.0/3,6,5/[a2122h-1b_1-5_2*NCC/3=O][a1221m-1a_1-5][a2112h-1b_1-5]/1-2-3-1-2-3/a3-b1_a4-c1_c4-d1_d3-e1_d4-f1
G02657AK	GD2	WURCS=2.0/4,5,4/[a2122h-1b_1-5][a2112h-1b_1-5][Aad21122h-2a_2-6_5*NCC/3=O][a2112h-1b_1-5_2*NCC/3=O]/1-2-3-3-4/a4-b1_b3-c2_b4-e1_c8-d2
G02880JU	GlcNAc(b1-3)Gal	WURCS=2.0/2,2,1/[a2112h-1x_1-5][a2122h-1b_1-5_2*NCC/3=O]/1-2/a3-b1
G03067VG	I-active ganglioside	WURCS=2.0/4,7,6/[a2122h-1b_1-5][a2112h-1b_1-5][a2122h-1b_1-5_2*NCC/3=O][Aad21122h-2a_2-6_5*NCC/3=O]/1-2-3-2-3-2-4/a4-b1_b3-c1_c4-d1_d3-e1_e4-f1_f3-g2
G03277YI	cisGM1 (GM1b),GM1b,cisGM1	WURCS=2.0/4,5,4/[a2122h-1b_1-5][a2112h-1b_1-5][a2112h-1b_1-5_2*NCC/3=O][Aad21122h-2a_2-6_5*NCC/3=O]/1-2-3-2-4/a4-b1_b4-c1_c3-d1_d3-e2
G03321AC		WURCS=2.0/3,8,7/[a2122h-1b_1-5_2*NCC/3=O][a1122h-1b_1-5][a1122h-1a_1-5]/1-1-2-3-3-3-3-3/a4-b1_b4-c1_c3-d1_c6-f1_d2-e1_f6-g1_g2-h1
G03499BP		WURCS=2.0/3,3,2/[a2122h-1b_1-5_2*NCC/3=O][a2112h-1b_1-5][a2112h-1a_1-5]/1-2-3/a4-b1_b3-c1
G03506YN		WURCS=2.0/4,7,6/[a2122h-1b_1-5][a2112h-1b_1-5][a2112h-1b_1-5_2*NCC/3=O][Aad21122h-2a_2-6_5*NCC/3=O]/1-2-3-2-4-3-2/a4-b1_b4-c1_c3-d1_d3-e2_d4-f1_f3-g1
G03509EL	2-6 Sialyl-LacNAc-Gal	WURCS=2.0/3,4,3/[a2112h-1b_1-5][a2122h-1b_1-5_2*NCC/3=O][Aad21122h-2a_2-6_5*NCC/3=O]/1-2-1-3/a3-b1_b4-c1_c6-d2
G03777BI		WURCS=2.0/3,3,2/[a2112h-1x_1-5_2*NCC/3=O][a2112h-1b_1-5][Aad21122h-2a_2-6_5*NCC/3=O]/1-2-3/a4-b1_b3-c2
G03986GH	Blood group A1	WURCS=2.0/4,7,6/[a2122h-1x_1-5_2*NCC/3=O][a2112h-1b_1-5][a1221m-1a_1-5][a2112h-1a_1-5_2*NCC/3=O]/1-2-3-4-2-3-4/a4-b1_b2-c1_b3-d1_d3-e1_e2-f1_e3-g1
G04156GK		WURCS=2.0/4,5,4/[a2122h-1x_1-5_2*NCC/3=O][a1221m-1a_1-5][a2112h-1b_1-5][a2112h-1a_1-5]/1-2-3-2-4/a3-b1_a4-c1_c2-d1_c3-e1
G04165ZA		WURCS=2.0/4,4,3/[a2112h-1x_1-5][Aad21122h-2a_2-6_5*NCC/3=O][a2112h-1b_1-5_2*NCC/3=O][a2112h-1b_1-5]/1-2-3-4/a3-b2_a4-c1_c3-d1
G04302CX		WURCS=2.0/2,5,4/[a1122h-1b_1-5][a1122h-1a_1-5]/1-2-2-2-2/a3-b1_a6-d1_b2-c1_d3-e1
G04416BG	Ceramide dihexosyl sulfate	WURCS=2.0/2,2,1/[a2112h-1x_1-5][a2112h-1b_1-5_3*OSO/3=O/3=O]/1-2/a4-b1
G04433GV	GP1c	WURCS=2.0/4,9,8/[a2122h-1b_1-5][a2112h-1b_1-5][Aad21122h-2a_2-6_5*NCC/3=O][a2112h-1b_1-5_2*NCC/3=O]/1-2-3-3-3-4-2-3-3/a4-b1_b3-c2_b4-f1_c8-d2_d8-e2_f3-g1_f6-i2_g3-h2
G04616ST	LN,Globotetraosylceramide	WURCS=2.0/2,2,1/[a2122h-1x_1-5_2*NCC/3=O][a2112h-1b_1-5]/1-2/a3-b1
G04715SK		WURCS=2.0/5,8,7/[a2122h-1b_1-5][a2112h-1b_1-5][a2122h-1b_1-5_2*NCC/3=O][a1221m-1a_1-5][a2112h-1a_1-5_2*NCC/3=O]/1-2-3-2-3-2-4-5/a4-b1_b3-c1_c3-d1_d3-e1_e3-f1_f2-g1_f3-h1
G05248MY		WURCS=2.0/9,15,14/[a2122h-1x_1-5][a2121A-1a_1-5][a2122h-1a_1-5_2*OSO/3=O/3=O_3*OSO/3=O/3=O_6*OSO/3=O/3=O][a2122h-1b_1-5_6*OSO/3=O/3=O][a2122h-1b_1-5][a2122h-1a_1-5][a2122h-1a_1-5_6*OSO/3=O/3=O][a2122h-1b_1-5_2*OSO/3=O/3=O_3*OSO/3=O/3=O_6*OSO/3=O/3=O][a2122h-1a_1-5_2*OSO/3=O/3=O_3*OSO/3=O/3=O_4*OSO/3=O/3=O_6*OSO/3=O/3=O]/1-2-3-4-5-6-5-6-5-6-5-7-8-3-9/a4-b1_b4-c1_c4-d1_d4-e1_e4-f1_f4-g1_g4-h1_h4-i1_i4-j1_j4-k1_k4-l1_l4-m1_m4-n1_n4-o1
G05297EK	Mono-sulfated globotetraosylceramide	WURCS=2.0/4,4,3/[a2122h-1b_1-5][a2112h-1b_1-5][a2112h-1a_1-5][a2112h-1b_1-5_2*NCC/3=O_3*OSO/3=O/3=O]/1-2-3-4/a4-b1_b4-c1_c3-d1
G05337KJ		WURCS=2.0/3,4,3/[a2122h-1b_1-5][a1221m-1a_1-5][a2112h-1b_1-5]/1-2-3-2/a3-b1_a4-c1_c2-d1
G05357CB	Gangliotetraosylceramide	WURCS=2.0/3,4,3/[a2122h-1b_1-5][a2112h-1b_1-5][a2112h-1b_1-5_2*NCC/3=O]/1-2-3-2/a4-b1_b4-c1_c4-d1
G05952XV	GT1b	WURCS=2.0/4,7,6/[a2122h-1x_1-5][a2112h-1b_1-5][Aad21122h-2a_2-6_5*NCC/3=O][a2112h-1b_1-5_2*NCC/3=O]/1-2-3-3-4-2-3/a4-b1_b3-c2_b4-e1_c8-d2_e3-f1_f3-g2
G05979UI		WURCS=2.0/3,4,3/[a2122h-1x_1-5_2*NCC/3=O][a2112h-1b_1-5][Aad21122h-2a_2-6_5*NCC/3=O]/1-2-3-3/a3-b1_b3-c2_c8-d2
G06000DZ	Pk Antigen	WURCS=2.0/3,3,2/[a2122h-1x_1-5][a2112h-1b_1-5][a2112h-1a_1-5]/1-2-3/a4-b1_b4-c1
G06031DD		WURCS=2.0/5,6,5/[a2122h-1x_1-5][a2112h-1b_1-5][a2122h-1b_1-5_2*NCC/3=O][a1221m-1a_1-5][a2112h-1a_1-5_2*NCC/3=O]/1-2-3-2-4-5/a4-b1_b3-c1_c4-d1_d2-e1_d3-f1
G06148DR	Dimeric Lea	WURCS=2.0/4,8,7/[a2122h-1x_1-5][a2112h-1b_1-5][a2122h-1b_1-5_2*NCC/3=O][a1221m-1a_1-5]/1-2-3-2-3-2-4-4/a4-b1_b3-c1_c3-d1_c4-h1_d3-e1_e3-f1_e4-g1
G06239NA	Lactotriaosylceramide (Lc3),Lactotriaosylceramide,Lactotriaosylceramide (LC3),Lc3	WURCS=2.0/3,3,2/[a2122h-1b_1-5][a2112h-1b_1-5][a2122h-1b_1-5_2*NCC/3=O]/1-2-3/a4-b1_b3-c1
G06378CG	60-Sulfo-sialyl Lewis x (60-sulfo SLex)	WURCS=2.0/4,4,3/[a2122h-1b_1-5_2*NCC/3=O][a1221m-1a_1-5][a2112h-1b_1-5_6*SO/2=O/2=O][Aad21122h-2a_2-6_5*NCC/3=O]/1-2-3-4/a3-b1_a4-c1_c3-d2
G06557IC		WURCS=2.0/4,5,4/[a2122h-1x_1-5][a1221m-1a_1-5][a2112h-1b_1-5][a2112h-1a_1-5]/1-2-3-2-4/a3-b1_a4-c1_c2-d1_c3-e1
G06580KR	LacNAc-Gal	WURCS=2.0/2,3,2/[a2112h-1b_1-5][a2122h-1b_1-5_2*NCC/3=O]/1-2-1/a3-b1_b4-c1
G06597DS	Sialyl Lewis x-i	WURCS=2.0/4,7,6/[a2112h-1b_1-5][a2122h-1b_1-5_2*NCC/3=O][a1221m-1a_1-5][Aad21122h-2a_2-6_5*NCC/3=O]/1-2-1-2-3-1-4/a3-b1_b4-c1_c3-d1_d3-e1_d4-f1_f3-g2
G06873PC		WURCS=2.0/4,4,3/[a2122h-1b_1-5][a2112h-1b_1-5][a1221m-1a_1-5][a2112h-1a_1-5]/1-2-3-4/a4-b1_b2-c1_b3-d1
G06898ZN	HNK-1 on O-mannose	WURCS=2.0/4,4,3/[a1122h-1a_1-5][a2122h-1b_1-5_2*NCC/3=O][a2112h-1b_1-5][a2122A-1b_1-5_3*OSO/3=O/3=O]/1-2-3-4/a2-b1_b4-c1_c3-d1
G06953DR	2,6-Branched O-mannose	WURCS=2.0/4,7,6/[a1122h-1a_1-5][a2122h-1b_1-5_2*NCC/3=O][a2112h-1b_1-5][Aad21122h-2a_2-6_5*NCC/3=O]/1-2-3-4-2-3-4/a2-b1_a6-e1_b4-c1_c3-d2_e4-f1_f3-g2
G07169WN		WURCS=2.0/1,1,0/[a2112h-1b_1-5_?*OSO/3=O/3=O]/1/
G07357YR	Lewis a-Lewis x hybrid,Lewis a- Lewis x Hybrid Antigen	WURCS=2.0/3,6,5/[a2122h-1b_1-5_2*NCC/3=O][a1221m-1a_1-5][a2112h-1b_1-5]/1-2-3-1-3-2/a3-b1_a4-c1_c3-d1_d3-e1_d4-f1
G07394RV	GD1 alpha (pentasaccharide),GD1 alpha(Pentasaccharide)	WURCS=2.0/4,5,4/[a2112h-1x_1-5][a2112h-1b_1-5_2*NCC/3=O][a2112h-1b_1-5][Aad21122h-2a_2-6_5*NCC/3=O]/1-2-3-4-4/a4-b1_b3-c1_b6-e2_c3-d2
G07490EK	alpha-oligomannoside	WURCS=2.0/2,2,1/[a1122h-1x_1-5][a1122h-1a_1-5]/1-2/a3-b1
G07670VS		WURCS=2.0/1,5,4/[a2122h-1b_1-5_2*NCC/3=O]/1-1-1-1-1/a4-b1_b4-c1_c4-d1_d4-e1
G07982RO	Chitobios	WURCS=2.0/2,2,1/[a2122h-1x_1-5_2*NCC/3=O][a2122h-1b_1-5_2*NCC/3=O]/1-2/a4-b1
G08079IN		WURCS=2.0/4,5,4/[a2122h-1x_1-5_2*NCC/3=O][a2112h-1b_1-5][a2122h-1b_1-5_2*NCC/3=O][Aad21122h-2a_2-6_5*NCC/3=O]/1-2-3-4-2/a4-b1_b3-c1_c3-d2_c4-e1
G08176ZW		WURCS=2.0/4,4,3/[a2122h-1b_1-5_2*NCC/3=O][a1221m-1a_1-5][a2112h-1b_1-5][a2112h-1a_1-5]/1-2-3-4/a3-b1_a4-c1_c3-d1
G08326JL		WURCS=2.0/4,5,4/[a2122h-1b_1-5_2*NCC/3=O][a2112h-1b_1-5][a2112h-1a_1-5][a1221m-1a_1-5]/1-2-1-3-4/a4-b1_b3-c1_c3-d1_c4-e1
G08371CD	Sialyl Tn antigen,6-Sialyl-GalNAc or 6-Sialyl LN,Neu5Ac(a2-6)GalNAc	WURCS=2.0/2,2,1/[a2112h-1x_1-5_2*NCC/3=O][Aad21122h-2a_2-6_5*NCC/3=O]/1-2/a6-b2
G08855PJ		WURCS=2.0/6,11,10/[a2122h-1b_1-5][a2112h-1b_1-5][a2122h-1b_1-5_2*NCC/3=O][Aad21122h-2a_2-6_5*NCC/3=O][a1221m-1a_1-5][a2112h-1a_1-5]/1-2-3-2-3-2-4-3-2-5-6/a4-b1_b3-c1_c4-d1_d3-e1_d6-h1_e4-f1_f3-g2_h4-i1_i2-j1_i3-k1
G08872UM		WURCS=2.0/2,4,3/[a2122h-1b_1-5_2*NCC/3=O][a2112h-1b_1-5]/1-2-1-1/a4-b1_b3-c1_b6-d1
G09105CO		WURCS=2.0/4,4,3/[a2122h-1x_1-5][a2112h-1b_1-5][a2112h-1a_1-5][Aad21122h-2a_2-6_5*NCC/3=O]/1-2-3-4/a4-b1_b4-c1_c3-d2
G09376MR	6′-sialyl-N-acetyllactosamine	WURCS=2.0/3,3,2/[a2122h-1x_1-5_2*NCC/3=O][a2112h-1b_1-5][Aad21122h-2a_2-6_5*NCC/3=O]/1-2-3/a4-b1_b6-c2
G09552LA		WURCS=2.0/4,6,5/[a2122h-1b_1-5][a2112h-1b_1-5][a2122h-1b_1-5_2*NCC/3=O][a1221m-1a_1-5]/1-2-3-2-4-4/a4-b1_b3-c1_c3-d1_c4-f1_d2-e1
G10057XH	Sulfo-isogloboside	WURCS=2.0/3,3,2/[a2112h-1b_1-5][a2112h-1a_1-5][a2112h-1b_1-5_2*NCC/3=O_3*OSO/3=O/3=O]/1-2-3/a3-b1_b3-c1
G10203DW	3-Sialyl-LN,3-Sialyl-LN (type 2),Neu5Ac(a2-3)Gal(b1-4)GlcNAc,3′-sialyl-N-acetyllactosamine	WURCS=2.0/3,3,2/[a2122h-1x_1-5_2*NCC/3=O][a2112h-1b_1-5][Aad21122h-2a_2-6_5*NCC/3=O]/1-2-3/a4-b1_b3-c2
G10356UT		WURCS=2.0/3,3,2/[a2122h-1b_1-5_2*NCC/3=O][a1221m-1a_1-5][a2112h-1b_1-5_4*OSO/3=O/3=O]/1-2-3/a3-b1_a4-c1
G10422IZ		WURCS=2.0/3,3,2/[a2122h-1x_1-5][a2112h-1b_1-5][a1221m-1a_1-5]/1-2-3/a4-b1_b2-c1
G10503MP	HNK-expressing SGLPG	WURCS=2.0/4,7,6/[a2122h-1b_1-5][a2112h-1b_1-5][a2122h-1b_1-5_2*NCC/3=O][a2122A-1b_1-5_3*OSO/3=O/3=O]/1-2-3-2-3-2-4/a4-b1_b3-c1_c4-d1_d3-e1_e4-f1_f3-g1
G10902TC	Blood Group A Like	WURCS=2.0/3,3,2/[a2112h-1b_1-5][a1221m-1x_1-5][a2112h-1x_1-5_2*NCC/3=O]/1-2-3/a?-b1_a?-c1
G11041DA		WURCS=2.0/6,11,10/[a2122h-1b_1-5_2*NCC/3=O][a1122h-1b_1-5][a1122h-1a_1-5][a2112h-1b_1-5][Aad21122h-2a_2-6_5*NCC/3=O][a1221m-1a_1-5]/1-1-2-3-1-4-5-3-1-4-6/a4-b1_a6-k1_b4-c1_c3-d1_c6-h1_d2-e1_e4-f1_f6-g2_h2-i1_i4-j1
G11259JT	LN2	WURCS=2.0/3,4,3/[a2122h-1x_1-5_2*NCC/3=O][a2112h-1b_1-5][a2122h-1b_1-5_2*NCC/3=O]/1-2-3-2/a3-b1_b3-c1_c3-d1
G11423ZI		WURCS=2.0/3,3,2/[a2112h-1x_1-5][a2112h-1b_1-5_2*NCC/3=O][a2112h-1b_1-5]/1-2-3/a3-b1_b3-c1
G11485ID	B-GM1	WURCS=2.0/6,7,6/[a2122h-1b_1-5][a2112h-1b_1-5][Aad21122h-2a_2-6_5*NCC/3=O][a2112h-1b_1-5_2*NCC/3=O][a1221m-1a_1-5][a2112h-1a_1-5]/1-2-3-4-2-5-6/a4-b1_b3-c2_b4-d1_d3-e1_e2-f1_e3-g1
G11636EE		WURCS=2.0/4,6,5/[a2122h-1x_1-5][a1221m-1a_1-5][a2112h-1b_1-5][a2122h-1b_1-5_2*NCC/3=O]/1-2-3-4-2-3/a3-b1_a4-c1_c3-d1_d3-e1_d4-f1
G11687NW		WURCS=2.0/2,3,2/[a2112h-1a_1-5_2*NCC/3=O][Aad21122h-2a_2-6_5*NCC/3=O]/1-2-2/a3-b2_a6-c2
G11928TH		WURCS=2.0/5,6,5/[a2122h-1x_1-5][a2112h-1b_1-5][a2122h-1b_1-5_2*NCC/3=O][a1221m-1a_1-5][a2112h-1a_1-5_2*NCC/3=O]/1-2-3-2-4-5/a4-b1_b3-c1_c3-d1_d2-e1_d3-f1
G11971MR		WURCS=2.0/2,3,2/[a2122h-1b_1-5_2*NCC/3=O][a1221m-1a_1-5]/1-2-1/a3-b1_a4-c1
G12045LV		WURCS=2.0/4,5,4/[a2122h-1x_1-5][a1221m-1a_1-5][a2112h-1b_1-5][a2122h-1b_1-5_2*NCC/3=O]/1-2-3-4-3/a3-b1_a4-c1_c3-d1_d4-e1
G12068BR	A type 1 A Lewis b	WURCS=2.0/5,6,5/[a2112h-1x_1-5][a2122h-1b_1-5_2*NCC/3=O][a2112h-1b_1-5][a1221m-1a_1-5][a2112h-1a_1-5_2*NCC/3=O]/1-2-3-4-5-4/a3-b1_b3-c1_b4-f1_c2-d1_c3-e1
G12295TB	3-Sulfo-Lewis x (3-sulfo LewisX),3'-Sulfo Lewis x,3'-sulfo Lex	WURCS=2.0/3,3,2/[a2122h-1b_1-5_2*NCC/3=O][a1221m-1a_1-5][a2112h-1b_1-5_3*OSO/3=O/3=O]/1-2-3/a3-b1_a4-c1
G12460DL	P1 antigen	WURCS=2.0/4,5,4/[a2122h-1b_1-5][a2112h-1b_1-5][a2122h-1b_1-5_2*NCC/3=O][a2112h-1a_1-5]/1-2-3-2-4/a4-b1_b3-c1_c4-d1_d4-e1
G13157WZ	6-Sulfo LacNAc	WURCS=2.0/2,2,1/[a2122h-1b_1-5_2*NCC/3=O_6*OSO/3=O/3=O][a2112h-1b_1-5]/1-2/a4-b1
G13224CR	Sialopentaosylceramide	WURCS=2.0/5,6,5/[a2122h-1b_1-5][a2112h-1b_1-5][a2122h-1b_1-5_2*NCC/3=O][Aad21122h-2a_2-6_5*NCC/3=O][a2112h-1b_1-5_2*NCC/3=O]/1-2-3-2-4-5/a4-b1_b3-c1_c4-d1_d3-e2_d4-f1
G13258LA	GD1a	WURCS=2.0/4,6,5/[a2122h-1x_1-5][a2112h-1b_1-5][a2112h-1b_1-5_2*NCC/3=O][Aad21122h-2a_2-6_5*NCC/3=O]/1-2-3-2-4-4/a4-b1_b4-c1_c3-d1_c6-f2_d3-e2
G13910LY		WURCS=2.0/4,5,4/[a2122h-1x_1-5][a1221m-1a_1-5][a2112h-1b_1-5][a2112h-1a_1-5_2*NCC/3=O]/1-2-3-2-4/a3-b1_a4-c1_c2-d1_c3-e1
G14000ZZ	Disialyl Lewis c	WURCS=2.0/3,4,3/[a2122h-1b_1-5_2*NCC/3=O][a2112h-1b_1-5][Aad21122h-2a_2-6_5*NCC/3=O]/1-2-3-3/a3-b1_a6-d2_b3-c2
G14091MR	GH1cav,GH1ca	WURCS=2.0/4,10,9/[a2122h-1b_1-5][a2112h-1b_1-5][Aad21122h-2a_2-6_5*NCC/3=O][a2112h-1b_1-5_2*NCC/3=O]/1-2-3-3-3-4-2-3-3-3/a4-b1_b3-c2_b4-f1_c8-d2_d8-e2_f3-g1_f6-j2_g3-h2_h8-i2
G14300ZJ	H type 1 Lewis b	WURCS=2.0/4,5,4/[a2112h-1x_1-5][a2122h-1b_1-5_2*NCC/3=O][a2112h-1b_1-5][a1221m-1a_1-5]/1-2-3-4-4/a3-b1_b3-c1_b4-e1_c2-d1
G14395NH	30-Sulfo-Lewis a (30-Sulfo Lea)	WURCS=2.0/3,3,2/[a2122h-1b_1-5_2*NCC/3=O][a2112h-1b_1-5_3*SO/2=O/2=O][a1221m-1a_1-5]/1-2-3/a3-b1_a4-c1
G14406OW		WURCS=2.0/4,9,8/[a2122h-1x_1-5_2*OSO/3=O/3=O_6*OSO/3=O/3=O_?*N][a2121A-1a_1-5_2*OSO/3=O/3=O][a2122h-1a_1-5_2*OSO/3=O/3=O_6*OSO/3=O/3=O_?*N][a2122h-1a_1-5_?*N]/1-2-3-2-3-2-3-2-4/a4-b1_b4-c1_c4-d1_d4-e1_e4-f1_f4-g1_g4-h1_h4-i1
G14633CL	cisGM1	WURCS=2.0/4,5,4/[a2122h-1x_1-5][a2112h-1b_1-5][a2112h-1b_1-5_2*NCC/3=O][Aad21122h-2a_2-6_5*NCC/3=O]/1-2-3-2-4/a4-b1_b4-c1_c3-d1_d3-e2
G14716ZB		WURCS=2.0/3,3,2/[a2122h-1b_1-5_2*NCC/3=O][a2112h-1b_1-5][Aad21122h-2a_2-6]/1-2-3/a3-b1_b3-c2
G15021LG	Glucose	WURCS=2.0/1,1,0/[a2122h-1x_1-5]/1/
G15555MR		WURCS=2.0/5,6,5/[a2112h-1a_1-5_2*NCC/3=O][a2112h-1b_1-5][Aad21122h-2a_2-6_5*NCC/3=O][a2122h-1b_1-5_2*NCC/3=O][a2112h-1a_1-5]/1-2-3-4-2-5/a3-b1_a6-d1_b3-c2_d4-e1_e3-f1
G15813LB		WURCS=2.0/4,4,3/[a2112h-1x_1-5][a2112h-1b_1-5_2*NCC/3=O][a2112h-1b_1-5][Aad21122h-2a_2-6_5*NCC/3=O]/1-2-3-4/a3-b1_b3-c1_c3-d2
G16142UJ	Neu5Gc(a2-8)Neu5Gc(a2-3)Gal	WURCS=2.0/2,3,2/[a2112h-1x_1-5][Aad21122h-2a_2-6_5*NCCO/3=O]/1-2-2/a3-b2_b8-c2
G16194TN		WURCS=2.0/5,10,9/[a2122h-1b_1-5][a2112h-1b_1-5][a2122h-1b_1-5_2*NCC/3=O][Aad21122h-2a_2-6_5*NCC/3=O][a2112h-1a_1-5]/1-2-3-2-1-2-4-3-2-5/a4-b1_b3-c1_c4-d1_d3-e1_d6-h1_e4-f1_f3-g2_h4-i1_i3-j1
G16775IT	Neu5Gc(a2-8)Neu5Gc(a2-3)Gal	WURCS=2.0/2,3,2/[a2112h-1b_1-5][Aad21122h-2a_2-6_5*NCCO/3=O]/1-2-2/a3-b2_b8-c2
G16821WP		WURCS=2.0/2,4,3/[a2122h-1a_1-5_3*N][a1122h-1a_1-5]/1-2-2-2/a4-b1_b6-c1_c2-d1
G16999RL	GP1ca	WURCS=2.0/4,9,8/[a2122h-1x_1-5][a2112h-1b_1-5][Aad21122h-2a_2-6_5*NCC/3=O][a2112h-1b_1-5_2*NCC/3=O]/1-2-3-3-3-4-2-3-3/a4-b1_b3-c2_b4-f1_c8-d2_d8-e2_f3-g1_f6-i2_g3-h2
G17077FL	GQ1b	WURCS=2.0/4,8,7/[a2122h-1x_1-5][a2112h-1b_1-5][Aad21122h-2a_2-6_5*NCC/3=O][a2112h-1b_1-5_2*NCC/3=O]/1-2-3-3-4-2-3-3/a4-b1_b3-c2_b4-e1_c8-d2_e3-f1_f3-g2_g8-h2
G17108EX	Blood group A	WURCS=2.0/4,4,3/[a2122h-1x_1-5_2*NCC/3=O][a2112h-1b_1-5][a1221m-1a_1-5][a2112h-1a_1-5_2*NCC/3=O]/1-2-3-4/a4-b1_b2-c1_b3-d1
G17480GI	Blood Group A Type 4	WURCS=2.0/4,4,3/[a2112h-1b_1-5_2*NCC/3=O][a2112h-1b_1-5][a1221m-1a_1-5][a2112h-1a_1-5_2*NCC/3=O]/1-2-3-4/a3-b1_b2-c1_b3-d1
G17486WU	GT1aa	WURCS=2.0/4,7,6/[a2122h-1x_1-5][a2112h-1b_1-5][Aad21122h-2a_2-6_5*NCC/3=O][a2112h-1b_1-5_2*NCC/3=O]/1-2-3-4-2-3-3/a4-b1_b3-c2_b4-d1_d3-e1_d6-g2_e3-f2
G17750OE		WURCS=2.0/2,3,2/[a2122h-1b_1-5_2*NCC/3=O][a1122h-1a_1-5]/1-2-2/a3-b1_a4-c1
G17752YB		WURCS=2.0/4,5,4/[a2112h-1a_1-5_2*NCC/3=O][a2112h-1b_1-5][a2122h-1b_1-5_2*NCC/3=O][a1221m-1a_1-5]/1-2-3-4-2/a3-b1_a6-c1_c3-d1_c4-e1
G17780OR		WURCS=2.0/2,3,2/[a1122h-1x_1-5][a1122h-1a_1-5]/1-2-1/a3-b1_a6-c1
G17927IW	Delta-Heparan Sulfate	WURCS=2.0/1,1,0/[a21eEA-1a_1-5]/1/
G17931GP	O-Fucose / EGF repeat	WURCS=2.0/4,4,3/[a1221m-1a_1-5][a2122h-1b_1-5_2*NCC/3=O][a2112h-1b_1-5][Aad21122h-2a_2-6_5*NCC/3=O]/1-2-3-4/a3-b1_b4-c1_d2-c3|c6
G17961XM	Type 1 LN3	WURCS=2.0/2,6,5/[a2122h-1b_1-5_2*NCC/3=O][a2112h-1b_1-5]/1-2-1-2-1-2/a3-b1_b3-c1_c3-d1_d3-e1_e3-f1
G17994ZD		WURCS=2.0/3,5,4/[a2122h-1x_1-5_2*NCC/3=O][a2112h-1b_1-5][Aad21122h-2a_2-6_5*NCC/3=O]/1-2-3-3-3/a3-b1_b3-c2_c8-d2_d8-e2
G18221CF	N-Glycolyl-GM2	WURCS=2.0/4,4,3/[a2122h-1x_1-5][a2112h-1b_1-5][Aad21122h-2a_2-6_5*NCCO/3=O][a2112h-1b_1-5_2*NCC/3=O]/1-2-3-4/a4-b1_b3-c2_b4-d1
G18414FL		WURCS=2.0/4,4,3/[a2122h-1x_1-5][a1221m-1a_1-5][a2112h-1b_1-5][a2112h-1a_1-5]/1-2-3-4/a3-b1_a4-c1_c3-d1
G18464VS	4'-sulfated LDN,4-sulfated LDN	WURCS=2.0/2,2,1/[a2122h-1x_1-5_2*NCC/3=O][a2112h-1b_1-5_2*NCC/3=O_4*OSO/3=O/3=O]/1-2/a4-b1
G18625KA	GQ1b	WURCS=2.0/4,8,7/[a2122h-1b_1-5][a2112h-1b_1-5][Aad21122h-2a_2-6_5*NCC/3=O][a2112h-1b_1-5_2*NCC/3=O]/1-2-3-3-4-2-3-3/a4-b1_b3-c2_b4-e1_c8-d2_e3-f1_f3-g2_g8-h2
G19266OP		WURCS=2.0/2,5,4/[a1122h-1a_1-5][a2122h-1b_1-5_2*NCC/3=O]/1-1-2-1-2/a3-b1_a6-d1_b2-c1_d2-e1
G19298OA	SSEA-3,Gb5	WURCS=2.0/4,5,4/[a2122h-1x_1-5][a2112h-1b_1-5][a2112h-1a_1-5][a2112h-1b_1-5_2*NCC/3=O]/1-2-3-4-2/a4-b1_b4-c1_c3-d1_d3-e1
G19336PT		WURCS=2.0/6,8,7/[a2122h-1b_1-5][a2112h-1b_1-5][a2112h-1a_1-5][a2112h-1b_1-5_2*NCC/3=O][a2122h-1b_1-5_2*NCC/3=O][a1221m-1a_1-5]/1-2-3-4-2-5-6-2/a4-b1_b4-c1_c3-d1_d3-e1_d6-f1_f3-g1_f4-h1
G19524AS		WURCS=2.0/4,4,3/[a2122h-1b_1-5][a2112h-1b_1-5][a1221m-1a_1-5][a2112h-1a_1-5_2*NCC/3=O]/1-2-3-4/a4-b1_b2-c1_b3-d1
G19619KS	SDLex	WURCS=2.0/4,7,6/[a2122h-1b_1-5_2*NCC/3=O][a1221m-1a_1-5][a2112h-1b_1-5][Aad21122h-2a_2-6_5*NCC/3=O]/1-2-3-1-2-3-4/a3-b1_a4-c1_c3-d1_d3-e1_d4-f1_f3-g2
G19804SF	Blood group A2	WURCS=2.0/4,6,5/[a2122h-1x_1-5_2*NCC/3=O][a2112h-1b_1-5][a1221m-1a_1-5][a2112h-1a_1-5_2*NCC/3=O]/1-2-3-4-2-3/a4-b1_b2-c1_b3-d1_d3-e1_e2-f1
G19926LY	Isoglobotetraosylceramide,Cytolipin R	WURCS=2.0/4,4,3/[a2122h-1x_1-5][a2112h-1b_1-5][a2112h-1a_1-5][a2112h-1b_1-5_2*NCC/3=O]/1-2-3-4/a4-b1_b3-c1_c3-d1
G20009SF	Lewis b/y Like	WURCS=2.0/3,4,3/[a2122h-1b_1-5_2*NCC/3=O][a2112h-1x_1-5][a1221m-1x_1-5]/1-2-3-3/a?-b1_a?-d1_b?-c1
G20044TD	SM3	WURCS=2.0/2,2,1/[a2122h-1b_1-5][a2112h-1b_1-5_3*OSO/3=O/3=O]/1-2/a4-b1
G20420WT	Lactosylceramide	WURCS=2.0/2,2,1/[a2122h-1b_1-5][a2112h-1a_1-5]/1-2/a4-b1
G20624LQ	Pentasaccharide N-linked glycan core	WURCS=2.0/4,5,4/[a2122h-1x_1-5_2*NCC/3=O][a2122h-1b_1-5_2*NCC/3=O][a1122h-1b_1-5][a1122h-1a_1-5]/1-2-3-4-4/a4-b1_b4-c1_c3-d1_c6-e1
G20966TZ		WURCS=2.0/3,9,8/[a2122h-1b_1-5_2*NCC/3=O][a1122h-1b_1-5][a1122h-1a_1-5]/1-1-2-3-1-1-3-3-3/a4-b1_b4-c1_c3-d1_c4-f1_c6-g1_d2-e1_g3-h1_g6-i1
G21066IE	2-3 Sialyl-Lacto-N-Tetraose	WURCS=2.0/4,5,4/[a2122h-1x_1-5][a2112h-1b_1-5][a2122h-1b_1-5_2*NCC/3=O][Aad21122h-2a_2-6_5*NCC/3=O]/1-2-3-2-4/a4-b1_b3-c1_c3-d1_d3-e2
G21269SH		WURCS=2.0/2,3,2/[a2122h-1x_1-5][a2112h-1b_1-5]/1-2-2/a4-b1_b4-c1
G21312EA	F1 Alpha	WURCS=2.0/3,3,2/[h2112h_2*NCC/3=O][a2122h-1b_1-5_2*NCC/3=O][a2112h-1b_1-5]/1-2-3/a6-b1_b4-c1
G21808VY	Dimeric Lewis a	WURCS=2.0/3,6,5/[a2122h-1b_1-5_2*NCC/3=O][a2112h-1b_1-5][a1221m-1a_1-5]/1-2-1-2-3-3/a3-b1_a4-f1_b3-c1_c3-d1_c4-e1
G21856LC	Asialo-GM1,Asialo GM1,Gangliotetraosylceramide	WURCS=2.0/3,4,3/[a2122h-1b_1-5][a2112h-1b_1-5][a2112h-1b_1-5_2*NCC/3=O]/1-2-3-2/a4-b1_b4-c1_c3-d1
G21938SG		WURCS=2.0/4,5,4/[a2122h-1x_1-5][a2112h-1b_1-5][a2122h-1b_1-5_2*NCC/3=O][Aad21122h-2a_2-6_5*NCC/3=O]/1-2-3-2-4/a4-b1_b3-c1_c3-d1_d6-e2
G22185MF		WURCS=2.0/2,3,2/[a2112h-1a_1-5_2*NCC/3=O][a2122h-1b_1-5_2*NCC/3=O]/1-2-2/a4-b1_a6-c1
G22270QF		WURCS=2.0/5,6,5/[a2122h-1x_1-5][a2112h-1b_1-5][a2122h-1b_1-5_2*NCC/3=O][a1221m-1a_1-5][a2112h-1a_1-5]/1-2-3-2-4-5/a4-b1_b3-c1_c3-d1_d2-e1_d3-f1
G22418PV	VIM-2	WURCS=2.0/4,6,5/[a2122h-1b_1-5_2*NCC/3=O][a1221m-1a_1-5][a2112h-1b_1-5][Aad21122h-2a_2-6_5*NCC/3=O]/1-2-3-1-3-4/a3-b1_a4-c1_c3-d1_d4-e1_e3-f2
G22689CV		WURCS=2.0/5,7,6/[a2122h-1b_1-5][a2112h-1b_1-5][a2122h-1b_1-5_2*NCC/3=O][a1221m-1a_1-5][a2112h-1a_1-5]/1-2-3-2-4-5-4/a4-b1_b3-c1_c3-d1_c4-g1_d2-e1_d3-f1
G22768VO		WURCS=2.0/3,5,4/[a2122h-1b_1-5_2*NCC/3=O][a1122h-1b_1-5][a1122h-1a_1-5]/1-1-2-3-3/a4-b1_b4-c1_c3-d1_c6-e1
G22976NF	MECA-79	WURCS=2.0/3,4,3/[h2112h_2*NCC/3=O][a2112h-1b_1-5][a2122h-1b_1-5_2*NCC/3=O_6*OSO/3=O/3=O]/1-2-3-2/a3-b1_b3-c1_c4-d1
G23041XK	Precusor Lewis a	WURCS=2.0/3,3,2/[a2112h-1x_1-5][a2122h-1b_1-5_2*NCC/3=O][a2112h-1b_1-5]/1-2-3/a3-b1_b3-c1
G23094GH	6,60-bisSulfo-Lewis x (6,60-bissulfo Lex))	WURCS=2.0/4,4,3/[a2122h-1b_1-5_2*NCC/3=O_6*SO/2=O/2=O][a1221m-1a_1-5][a2112h-1b_1-5_6*SO/2=O/2=O][Aad21122h-2a_2-6_5*NCC/3=O]/1-2-3-4/a3-b1_a4-c1_c3-d2
G23322RK	6-Sulfo-sialyl Lewis x,Cyclic sialyl 6-sulfo Lewis x,Cyclic Sialyl 6-Sulfo Lewis x	WURCS=2.0/4,4,3/[a2122h-1x_1-5_2*NCC/3=O_6*OSO/3=O/3=O][a1221m-1a_1-5][a2112h-1b_1-5][Aad21122h-2a_2-6_5*NCC/3=O]/1-2-3-4/a3-b1_a4-c1_c3-d2
G23347CS		WURCS=2.0/4,6,5/[a2122h-1b_1-5][a2112h-1b_1-5][a2122h-1b_1-5_2*NCC/3=O][Aad21122h-2a_2-6_5*NCC/3=O]/1-2-3-2-4-4/a4-b1_b3-c1_c3-d1_c6-f2_d3-e2
G23517ZK		WURCS=2.0/3,3,2/[a212h-1a_1-4][a2112h-1b_1-5][a1221m-1a_1-5]/1-2-3/a2-b1_b2-c1
G23581GL	GalNAc(b1-4)[Neu5Gc(a2-3)]Gal(b1)	WURCS=2.0/3,3,2/[a2112h-1x_1-5][Aad21122h-2a_2-6_5*NCCO/3=O][a2112h-1b_1-5_2*NCC/3=O]/1-2-3/a3-b2_a4-c1
G24034CH	II3Neu5GcGg4Cer, GM1(Gc)	WURCS=2.0/4,5,4/[a2122h-1b_1-5][a2112h-1b_1-5][Aad21122h-2a_2-6_5*NCCO/3=O][a2112h-1b_1-5_2*NCC/3=O]/1-2-3-4-2/a4-b1_b3-c2_b4-d1_d3-e1
G24270KX	6, 6'-Sulfo LacNAc,6,6'-Sulfo LacNAc	WURCS=2.0/2,2,1/[a2122h-1b_1-5_2*NCC/3=O_6*OSO/3=O/3=O][a2112h-1b_1-5_6*OSO/3=O/3=O]/1-2/a4-b1
G24432YB	a-Gal antigen,alpha-Gal antigen	WURCS=2.0/2,2,1/[a2112h-1b_1-5][a2112h-1a_1-5]/1-2/a3-b1
G24499XE		WURCS=2.0/4,4,3/[a2122h-1x_1-5][a2112h-1b_1-5][a2112h-1a_1-5][a2112h-1b_1-5_2*NCC/3=O]/1-2-3-4/a4-b1_b4-c1_c3-d1
G24566OP	Lewis a/x Like structure	WURCS=2.0/3,3,2/[a2122h-1b_1-5_2*NCC/3=O][a1221m-1x_1-5][a2112h-1x_1-5]/1-2-3/a?-b1_a?-c1
G24638PB	GD1	WURCS=2.0/4,6,5/[a2122h-1x_1-5][a2112h-1b_1-5][a2112h-1b_1-5_2*NCC/3=O][Aad21122h-2a_2-6_5*NCC/3=O]/1-2-3-2-4-4/a4-b1_b4-c1_c3-d1_d3-e2_e8-f2
G25129BT	SSEA-3	WURCS=2.0/3,3,2/[a2112h-1a_1-5][a2112h-1b_1-5_2*NCC/3=O][a2112h-1b_1-5]/1-2-3/a3-b1_b3-c1
G25216QA	Blood group B (type 4)	WURCS=2.0/5,7,6/[a2122h-1b_1-5][a2112h-1b_1-5][a2112h-1a_1-5][a2112h-1b_1-5_2*NCC/3=O][a1221m-1a_1-5]/1-2-3-4-2-5-3/a4-b1_b4-c1_c3-d1_d3-e1_e2-f1_e3-g1
G25225ZP		WURCS=2.0/4,10,9/[a2122h-1b_1-5_2*NCC/3=O][a1221m-1a_1-5][a2112h-1b_1-5][Aad21122h-2a_2-6_5*NCC/3=O]/1-2-3-1-2-3-1-2-3-4/a3-b1_a4-c1_c3-d1_d3-e1_d4-f1_f3-g1_g3-h1_g4-i1_i3-j2
G25323VU		WURCS=2.0/4,5,4/[a2112h-1a_1-5_2*NCC/3=O][a2112h-1b_1-5][a2122h-1b_1-5_2*NCC/3=O][a2112h-1a_1-5]/1-2-3-2-4/a3-b1_a6-c1_c4-d1_d3-e1
G25559RS	O-Mannosyl Glycan / Yeast,O-Mannosyl Glycan-Yeast	WURCS=2.0/1,3,2/[a1122h-1a_1-5]/1-1-1/a2-b1_b2-c1
G25651TK		WURCS=2.0/4,4,3/[a2122h-1x_1-5_2*NCC/3=O][a2112h-1b_1-5][a1221m-1a_1-5][a2112h-1a_1-5]/1-2-3-4/a4-b1_b2-c1_b3-d1
G25705KO	Sialyl Lewis a/x Like	WURCS=2.0/4,4,3/[a2122h-1b_1-5_2*NCC/3=O][a2112h-1x_1-5][Aad21122h-2a_2-6_5*NCC/3=O][a1221m-1x_1-5]/1-2-3-4/b3-c2_a?-b1_a?-d1
G26036PN		WURCS=2.0/4,9,8/[a2122h-1b_1-5][a2112h-1b_1-5][a2122h-1b_1-5_2*NCC/3=O][Aad21122h-2a_2-6_5*NCC/3=O]/1-2-3-2-3-2-3-2-4/a4-b1_b3-c1_c4-d1_d3-e1_e4-f1_f3-g1_g4-h1_h3-i2
G26123AX		WURCS=2.0/4,5,4/[a2122h-1b_1-5][a2112h-1b_1-5][a2122h-1b_1-5_2*NCC/3=O][a1221m-1a_1-5]/1-2-3-2-4/a4-b1_b3-c1_c3-d1_c4-e1
G26199BG	GQ1aa	WURCS=2.0/4,8,7/[a2122h-1x_1-5][a2112h-1b_1-5][Aad21122h-2a_2-6_5*NCC/3=O][a2112h-1b_1-5_2*NCC/3=O]/1-2-3-4-2-3-3-3/a4-b1_b3-c2_b4-d1_d3-e1_d6-h2_e3-f2_f8-g2
G26203DP	GP1c	WURCS=2.0/4,9,8/[a2122h-1b_1-5][a2112h-1b_1-5][Aad21122h-2a_2-6_5*NCC/3=O][a2112h-1b_1-5_2*NCC/3=O]/1-2-3-3-3-4-2-3-3/a4-b1_b3-c2_b4-f1_c8-d2_d8-e2_f3-g1_g3-h2_h8-i2
G26295XE	M3FX	WURCS=2.0/5,7,6/[a2122h-1b_1-5_2*NCC/3=O][a1221m-1a_1-5][a1122h-1b_1-5][a212h-1b_1-5][a1122h-1a_1-5]/1-2-1-3-4-5-5/a3-b1_a4-c1_c4-d1_d2-e1_d3-f1_d6-g1
G26555CS	3'-Sulfo-Lewis x	WURCS=2.0/3,3,2/[a2122h-1x_1-5_2*NCC/3=O][a1221m-1a_1-5][a2112h-1b_1-5_3*OSO/3=O/3=O]/1-2-3/a3-b1_a4-c1
G26929DQ	I antigen	WURCS=2.0/3,6,5/[a2122h-1x_1-5_2*NCC/3=O][a2112h-1b_1-5][a2122h-1b_1-5_2*NCC/3=O]/1-2-3-2-3-2/a4-b1_b3-c1_c4-d1_d3-e1_e4-f1
G26934CO	Blood group B	WURCS=2.0/4,4,3/[a2122h-1x_1-5_2*NCC/3=O][a2112h-1b_1-5][a1221m-1a_1-5][a2112h-1a_1-5]/1-2-3-4/a3-b1_b2-c1_b3-d1
G27025MB	N-acetylgalactosamine	WURCS=2.0/1,1,0/[a2112h-1x_1-5_2*NCC/3=O]/1/
G27798EJ	Alpha-Galactosyl Epitope	WURCS=2.0/3,3,2/[a2122h-1x_1-5_2*NCC/3=O][a2112h-1b_1-5][a2112h-1a_1-5]/1-2-3/a4-b1_b3-c1
G28330DZ		WURCS=2.0/6,14,13/[a2122h-1x_1-5_2*NCC/3=O][a2122h-1b_1-5_2*NCC/3=O][a1122h-1b_1-5][a1122h-1a_1-5][a2112h-1b_1-5][Aad21122h-2a_2-6_5*NCC/3=O]/1-2-3-4-2-5-6-2-5-6-4-2-5-6/a4-b1_b4-c1_c3-d1_c6-k1_d2-e1_d4-h1_e4-f1_f6-g2_h4-i1_i3-j2_k2-l1_l4-m1_m3-n2
G28420BK	Lewis a (b1-3)Gal	WURCS=2.0/4,4,3/[a2112h-1x_1-5][a2122h-1b_1-5_2*NCC/3=O][a2112h-1b_1-5][a1221m-1a_1-5]/1-2-3-4/a3-b1_b3-c1_b4-d1
G28528AG		WURCS=2.0/1,3,2/[a1122h-1a_1-5]/1-1-1/a6-b1_b2-c1
G28566CQ	I-Active ganglioside	WURCS=2.0/4,10,9/[a2122h-1b_1-5][a2112h-1b_1-5][a2122h-1b_1-5_2*NCC/3=O][Aad21122h-2a_2-6_5*NCC/3=O]/1-2-3-2-3-2-4-3-2-4/a4-b1_b3-c1_c4-d1_d3-e1_d6-h1_e4-f1_f3-g2_h4-i1_i3-j2
G28800UK		WURCS=2.0/4,5,4/[a2122h-1x_1-5][a2112h-1b_1-5][a2122h-1b_1-5_2*NCC/3=O][Aad21122h-2a_2-6_5*NCC/3=O]/1-2-3-2-4/a4-b1_b3-c1_c4-d1_d3-e2
G28868ZC		WURCS=2.0/3,3,2/[a2122h-1b_1-5][a2112h-1b_1-5][Aad21122h-2a_2-6_5*NCC/3=O]/1-2-3/a4-b1_b6-c2
G29065KQ		WURCS=2.0/4,5,4/[a2112h-1x_1-5][a2122h-1b_1-5_2*NCC/3=O][a2112h-1b_1-5][Aad21122h-2a_2-6_5*NCC/3=O]/1-2-3-4-4/a3-b1_b3-c1_c3-d2_d8-e2
G29313LW	alpha-oligomannoside	WURCS=2.0/2,2,1/[a1122h-1x_1-5][a1122h-1a_1-5]/1-2/a2-b1
G29406SZ	GalNAc(b1-4)[Neu5Gc(a2-3)]Gal(b1)	WURCS=2.0/3,3,2/[a2112h-1b_1-5][Aad21122h-2a_2-6_5*NCCO/3=O][a2112h-1b_1-5_2*NCC/3=O]/1-2-3/a3-b2_a4-c1
G29487JS		WURCS=2.0/2,3,2/[a2122h-1b_1-5_2*NCC/3=O][a2112h-1b_1-5]/1-2-1/a4-b1_b3-c1
G29548YX		WURCS=2.0/4,4,3/[a2122h-1b_1-5_2*NCC/3=O][a2112h-1b_1-5][a2112h-1a_1-5][a2112h-1b_1-5_2*NCC/3=O]/1-2-3-4/a4-b1_b4-c1_c3-d1
G29703NT		WURCS=2.0/3,5,4/[a2122h-1b_1-5_2*NCC/3=O][a2112h-1b_1-5][a1221m-1a_1-5]/1-2-1-2-3/a4-b1_b3-c1_c4-d1_d2-e1
G29966WK	B-GD1b	WURCS=2.0/6,8,7/[a2122h-1x_1-5][a2112h-1b_1-5][Aad21122h-2a_2-6_5*NCC/3=O][a2112h-1b_1-5_2*NCC/3=O][a1221m-1a_1-5][a2112h-1a_1-5]/1-2-3-3-4-2-5-6/a4-b1_b3-c2_b4-e1_c8-d2_e3-f1_f2-g1_f3-h1
G30187JM	2-9, 2-6 Disialyllactosylceramide,2-9,2-6 Disialyllactosylceramide	WURCS=2.0/3,4,3/[a2122h-1b_1-5][a2112h-1b_1-5][Aad21122h-2a_2-6_5*NCC/3=O]/1-2-3-3/a4-b1_b6-c2_c9-d2
G30192OA		WURCS=2.0/3,5,4/[a2122h-1b_1-5_2*NCC/3=O][a2112h-1b_1-5][Aad21122h-2a_2-6_5*NCC/3=O]/1-2-1-2-3/a4-b1_b4-c1_c4-d1_d6-e2
G30207PZ	GM4,Neu5Ac(a2-3)Gal / Monosialoganglioside,Neu5Ac(a2-3)Gal(b1)	WURCS=2.0/2,2,1/[a2112h-1b_1-5][Aad21122h-2a_2-6_5*NCC/3=O]/1-2/a3-b2
G30687DL		WURCS=2.0/4,6,5/[a2122h-1b_1-5_2*NCC/3=O][a1122h-1b_1-5][a212h-1b_1-4][a1122h-1a_1-5]/1-1-2-3-4-4/a4-b1_b4-c1_c2-d1_c3-e1_c6-f1
G30925QW	Sulfo-isogloboside,Mono-sulfated globopentaosylceramide	WURCS=2.0/4,4,3/[a2122h-1b_1-5][a2112h-1b_1-5][a2112h-1a_1-5][a2112h-1b_1-5_2*NCC/3=O_3*OSO/3=O/3=O]/1-2-3-4/a4-b1_b3-c1_c3-d1
G31301MT	40-sulfated LDN	WURCS=2.0/2,2,1/[a2122h-1x_1-5_2*NCC/3=O][a2112h-1b_1-5_2*NCC/3=O_4*SO/2=O/2=O]/1-2/a4-b1
G31734OS	Blood group B (type 1),Blood Group B Type 1	WURCS=2.0/4,4,3/[a2122h-1b_1-5_2*NCC/3=O][a2112h-1b_1-5][a1221m-1a_1-5][a2112h-1a_1-5]/1-2-3-4/a3-b1_b2-c1_b3-d1
G31736BK	LacdiNAc (LDN),LDN,LacdiNAc	WURCS=2.0/2,2,1/[a2122h-1x_1-5_2*NCC/3=O][a2112h-1b_1-5_2*NCC/3=O]/1-2/a4-b1
G32254QI	Monosialyl Gb5,Sialosyl galactosyl globoside,GL-7 globoseries ganglioside (SSEA-4),GL-7 globoseries ganglioside,SSEA-4	WURCS=2.0/5,6,5/[a2122h-1b_1-5][a2112h-1b_1-5][a2112h-1a_1-5][a2112h-1b_1-5_2*NCC/3=O][Aad21122h-2a_2-6_5*NCC/3=O]/1-2-3-4-2-5/a4-b1_b4-c1_c3-d1_d3-e1_e3-f2
G32417JV	Sialyllacto-N-tetraose b	WURCS=2.0/4,5,4/[a2122h-1x_1-5][a2112h-1b_1-5][a2122h-1b_1-5_2*NCC/3=O][Aad21122h-2a_2-6_5*NCC/3=O]/1-2-3-2-4/a4-b1_b3-c1_c4-d1_c6-e2
G32723SL		WURCS=2.0/3,3,2/[a2112h-1a_1-5_2*NCC/3=O][a2122h-1b_1-5_2*NCC/3=O][a2112h-1b_1-5]/1-2-3/a3-b1_b4-c1
G32726WH		WURCS=2.0/4,4,3/[a2112h-1x_1-5][a2112h-1b_1-5_2*NCC/3=O][a2112h-1b_1-5][a1221m-1a_1-5]/1-2-3-4/a3-b1_b3-c1_c2-d1
G32862WC	Isoglobotetraosylceramide	WURCS=2.0/3,3,2/[a2112h-1b_1-5][a2112h-1a_1-5][a2112h-1b_1-5_2*NCC/3=O]/1-2-3/a3-b1_b3-c1
G32969VW	Neu5Gc(a2-3)Gal(b1-4)Glc	WURCS=2.0/3,3,2/[a2122h-1x_1-5][a2112h-1b_1-5][Aad21122h-2a_2-6_5*NCCO/3=O]/1-2-3/a4-b1_b3-c2
G33224VN		WURCS=2.0/3,4,3/[a2122h-1b_1-5][a2112h-1b_1-5][a2112h-1a_1-5]/1-2-3-3/a4-b1_b3-c1_c3-d1
G33532XU	GalNAc Disialyl Lc4,GalNAc Disialyl Lc4 (Hexasaccharide)	WURCS=2.0/5,6,5/[a2112h-1x_1-5][a2122h-1b_1-5_2*NCC/3=O][a2112h-1b_1-5][Aad21122h-2a_2-6_5*NCC/3=O][a2112h-1b_1-5_2*NCC/3=O]/1-2-3-4-5-4/a3-b1_b3-c1_b6-f2_c3-d2_c4-e1
G33570YF	GT3	WURCS=2.0/3,5,4/[a2122h-1x_1-5][a2112h-1b_1-5][Aad21122h-2a_2-6_5*NCC/3=O]/1-2-3-3-3/a4-b1_b3-c2_c8-d2_d8-e2
G33888AF	Blood group A	WURCS=2.0/4,5,4/[a2122h-1x_1-5_2*NCC/3=O][a1221m-1a_1-5][a2112h-1b_1-5][a2112h-1a_1-5_2*NCC/3=O]/1-2-3-2-4/a3-b1_a4-c1_c2-d1_c3-e1
G34108PR		WURCS=2.0/2,4,3/[a2112A-1x_1-5_2*NCC/3=O][a2122h-1b_1-5_2*NCC/3=O]/1-2-2-2/a3-b1_a4-c1_a6-d1
G34646VD		WURCS=2.0/2,4,3/[a1122h-1b_1-5][a1122h-1a_1-5]/1-1-2-1/a3-b1_b2-c1_c2-d1
G34881WK	Blood group B (type 2)	WURCS=2.0/4,5,4/[a2112h-1b_1-5][a2122h-1b_1-5_2*NCC/3=O][a1221m-1a_1-5][a2112h-1a_1-5]/1-2-1-3-4/a3-b1_b4-c1_c2-d1_c3-e1
G35186RY		WURCS=2.0/2,6,5/[a1122h-1a_1-5][a1122h-1b_1-5]/1-2-1-2-2-1/a3-b1_a6-d1_b2-c1_d3-e1_d6-f1
G35228ZS	GT2	WURCS=2.0/4,6,5/[a2122h-1x_1-5][a2112h-1b_1-5][Aad21122h-2a_2-6_5*NCC/3=O][a2112h-1b_1-5_2*NCC/3=O]/1-2-3-3-3-4/a4-b1_b3-c2_b4-f1_c8-d2_d8-e2
G35778AN	Blood Group H Type 4	WURCS=2.0/3,3,2/[a2112h-1b_1-5_2*NCC/3=O][a2112h-1b_1-5][a1221m-1a_1-5]/1-2-3/a3-b1_b2-c1
G36123IU	Sialyl Tn antigen,Sialyl Tn Antigen	WURCS=2.0/2,2,1/[a2112h-1a_1-5_2*NCC/3=O][Aad21122h-2a_2-6_5*NCC/3=O]/1-2/a6-b2
G36414FS		WURCS=2.0/1,6,5/[a2122h-1b_1-5_2*NCC/3=O]/1-1-1-1-1-1/a4-b1_b4-c1_c4-d1_d4-e1_e4-f1
G36476BA	GT2	WURCS=2.0/4,6,5/[a2122h-1b_1-5][a2112h-1b_1-5][Aad21122h-2a_2-6_5*NCC/3=O][a2112h-1b_1-5_2*NCC/3=O]/1-2-3-3-3-4/a4-b1_b3-c2_b4-f1_c8-d2_d8-e2
G36810SF		WURCS=2.0/3,3,2/[a2112h-1x_1-5][a2122h-1b_1-5][a2112h-1b_1-5]/1-2-3/a1-b1_b4-c1
G36845IZ	3'-Sulfo-Lewis a	WURCS=2.0/3,3,2/[a2122h-1x_1-5_2*NCC/3=O][a2112h-1b_1-5_3*OSO/3=O/3=O][a1221m-1a_1-5]/1-2-3/a3-b1_a4-c1
G36855WW	O-Fucose / Thrombospondin Type 1 Repeat,O-Fucose Glycan /Thrombospondin Type 1 Repeat	WURCS=2.0/2,2,1/[a1221m-1a_1-5][a2122h-1b_1-5]/1-2/a3-b1
G37184KW	GD1b,Disialogangliotetraosylceramide	WURCS=2.0/4,6,5/[a2122h-1b_1-5][a2112h-1b_1-5][Aad21122h-2a_2-6_5*NCC/3=O][a2112h-1b_1-5_2*NCC/3=O]/1-2-3-3-4-2/a4-b1_b3-c2_b4-e1_c8-d2_e3-f1
G37563FN		WURCS=2.0/4,9,8/[a2122h-1b_1-5][a2112h-1b_1-5][a2122h-1b_1-5_2*NCC/3=O][Aad21122h-2a_2-6_5*NCC/3=O]/1-2-3-2-3-2-4-3-2/a4-b1_b3-c1_c4-d1_d3-e1_d6-h1_e4-f1_f6-g2_h4-i1
G37830TX	Blood group A (type 4)	WURCS=2.0/6,7,6/[a2122h-1b_1-5][a2112h-1b_1-5][a2112h-1a_1-5][a2112h-1b_1-5_2*NCC/3=O][a1221m-1a_1-5][a2112h-1a_1-5_2*NCC/3=O]/1-2-3-4-2-5-6/a4-b1_b4-c1_c3-d1_d3-e1_e2-f1_e3-g1
G38301SX	Sialyl Tn Antigen	WURCS=2.0/2,2,1/[h2112h_2*NCC/3=O][Aad21122h-2a_2-6_5*NCC/3=O]/1-2/a6-b2
G39011KA		WURCS=2.0/3,3,2/[a2122h-1x_1-5][a2112h-1b_1-5][a2112h-1a_1-5]/1-2-3/a1-b1_b4-c1
G39023AU	Lewis y,Lewis a	WURCS=2.0/3,3,2/[a2122h-1b_1-5_2*NCC/3=O][a2112h-1b_1-5][a1221m-1a_1-5]/1-2-3/a3-b1_a4-c1
G39064VB		WURCS=2.0/3,3,2/[a2122h-1x_1-5_2*NCC/3=O][a2112h-1b_1-5][a1221m-1a_1-5]/1-2-3/a4-b1_b2-c1
G39211DH	Lewis b (Leb),Lewis b,Leb	WURCS=2.0/3,4,3/[a2122h-1x_1-5_2*NCC/3=O][a2112h-1b_1-5][a1221m-1a_1-5]/1-2-3-3/a3-b1_a4-d1_b2-c1
G39294YF	O-Fucose Glycan /EGF Repeat	WURCS=2.0/4,4,3/[a1221m-1a_1-5][a2122h-1b_1-5_2*NCC/3=O][a2112h-1b_1-5][Aad21122h-2a_2-6_5*NCC/3=O]/1-2-3-4/a3-b1_b4-c1_c3-d2
G39320DU		WURCS=2.0/4,5,4/[a2122h-1x_1-5][a1221m-1a_1-5][a2112h-1b_1-5][a2112h-1a_1-5_2*NCC/3=O]/1-2-3-2-4/a2-b1_a4-c1_c2-d1_c3-e1
G40183QN	GT1b,Trisialogangliotetraosylceramide	WURCS=2.0/4,7,6/[a2122h-1b_1-5][a2112h-1b_1-5][Aad21122h-2a_2-6_5*NCC/3=O][a2112h-1b_1-5_2*NCC/3=O]/1-2-3-3-4-2-3/a4-b1_b3-c2_b4-e1_c8-d2_e3-f1_f3-g2
G40192EJ		WURCS=2.0/3,3,2/[a2122h-1x_1-5_2*NCC/3=O][a1221m-1a_1-5][a2112h-1b_1-5]/1-2-3/a4-b1_b3-c1
G40585SO	Paragloboside	WURCS=2.0/4,4,3/[a2122h-1b_1-5][a2112h-1b_1-5][a2122h-1b_1-5_2*NCC/3=O][a2112h-1a_1-5]/1-2-3-4/a4-b1_b3-c1_c4-d1
G40696TO	Blood Group H Type 1	WURCS=2.0/3,3,2/[a2122h-1b_1-5_2*NCC/3=O][a2112h-1b_1-5][a1221m-1a_1-5]/1-2-3/a3-b1_b2-c1
G40843KY	Sulfatide,Galactose 3-O-Sulfate	WURCS=2.0/1,1,0/[a2112h-1x_1-5_3*OSO/3=O/3=O]/1/
G41052GC	Sda/CT antigen	WURCS=2.0/4,4,3/[a2122h-1b_1-5_2*NCC/3=O][a2112h-1b_1-5][Aad21122h-2a_2-6_5*NCC/3=O][a2112h-1b_1-5_2*NCC/3=O]/1-2-3-4/a4-b1_b3-c2_b4-d1
G41145LF	2,6-sialyl-Sulfo-LN	WURCS=2.0/3,3,2/[a2122h-1x_1-5_2*NCC/3=O_6*OSO/3=O/3=O][a2112h-1b_1-5][Aad21122h-2a_2-6_5*NCC/3=O]/1-2-3/a4-b1_b6-c2
G41323BT	Gal(b1-4)[Fuc(a1-3)]Glc(b1)	WURCS=2.0/3,3,2/[h2112h_2*NCC/3=O][a1221m-1a_1-5][a2112h-1b_1-5]/1-2-3/a3-b1_a4-c1
G41327HW		WURCS=2.0/4,8,7/[a2122h-1b_1-5_2*NCC/3=O][a1122h-1b_1-5][a1122h-1a_1-5][a2112h-1b_1-5]/1-2-3-1-4-3-1-4/a4-b1_b3-c1_b6-f1_c2-d1_d4-e1_f2-g1_g4-h1
G41372SJ		WURCS=2.0/3,3,2/[a2112h-1x_1-5_2*NCC/3=O][a2122h-1b_1-5_2*NCC/3=O][a2112h-1b_1-5]/1-2-3/a6-b1_b4-c1
G41392LY	6,6,6'-Sulfo LacNAc	WURCS=2.0/2,3,2/[a2112h-1b_1-5_6*OSO/3=O/3=O][a2122h-1b_1-5_2*NCC/3=O_6*OSO/3=O/3=O]/1-2-1/a3-b1_b4-c1
G41473XU		WURCS=2.0/4,5,4/[a2122h-1x_1-5][a2112h-1b_1-5][a2112h-1a_1-5][a2112h-1b_1-5_2*NCC/3=O]/1-2-3-4-2/a4-b1_b3-c1_c3-d1_d3-e1
G41709CA		WURCS=2.0/3,3,2/[a2122h-1x_1-5][a2112h-1b_1-5][a2112h-1b_1-5_2*NCC/3=O]/1-2-3/a4-b1_b4-c1
G41759HA	GD2	WURCS=2.0/4,5,4/[a2122h-1x_1-5][a2112h-1b_1-5][Aad21122h-2a_2-6_5*NCC/3=O][a2112h-1b_1-5_2*NCC/3=O]/1-2-3-3-4/a4-b1_b3-c2_b4-e1_c8-d2
G41806QY		WURCS=2.0/2,5,4/[a2112h-1b_1-5][a2122h-1b_1-5_2*NCC/3=O]/1-2-1-2-1/a2-b1_a3-d1_b4-c1_d4-e1
G41865GQ	Blood group B	WURCS=2.0/5,5,4/[a2112h-1x_1-5][a2122h-1b_1-5_2*NCC/3=O][a2112h-1b_1-5][a1221m-1a_1-5][a2112h-1a_1-5]/1-2-3-4-5/a3-b1_b4-c1_c2-d1_c3-e1
G41959YC	O-Mannosyl Glycan-Mammalian	WURCS=2.0/4,4,3/[h1122h][a2122h-1b_1-5_2*NCC/3=O][a2112h-1b_1-5][Aad21122h-2a_2-6_5*NCC/3=O]/1-2-3-4/a5-b1_b4-c1_c3-d2
G42553JB		WURCS=2.0/4,5,4/[a2122h-1x_1-5][a2112h-1b_1-5][a2122h-1b_1-5_2*NCC/3=O][a1221m-1a_1-5]/1-2-3-2-4/a4-b1_b3-c1_c4-d1_d2-e1
G42784QY	GL-7 globoseries ganglioside	WURCS=2.0/5,6,5/[a2122h-1x_1-5][a2112h-1b_1-5][a2112h-1a_1-5][a2112h-1b_1-5_2*NCC/3=O][Aad21122h-2a_2-6_5*NCC/3=O]/1-2-3-4-2-5/a4-b1_b4-c1_c3-d1_d3-e1_e3-f2
G43040ZY	HNK-expressing SGLPG	WURCS=2.0/4,7,6/[a2122h-1x_1-5][a2112h-1b_1-5][a2122h-1b_1-5_2*NCC/3=O][a2122A-1b_1-5_3*OSO/3=O/3=O]/1-2-3-2-3-2-4/a4-b1_b3-c1_c4-d1_d3-e1_e4-f1_f3-g1
G43191LZ	2,6-sialyl-Sulfo-LN (6-sialyl-6-sulfo LN),2,6-sialyl-Sulfo-LN,6-sialyl-6-sulfo LN	WURCS=2.0/3,3,2/[a2122h-1b_1-5_2*NCC/3=O_6*OSO/3=O/3=O][a2112h-1b_1-5][Aad21122h-2a_2-6_5*NCC/3=O]/1-2-3/a4-b1_b6-c2
G43195TR	Neu5Ac(a2-8)Neu5Ac(a2-3)Gal	WURCS=2.0/2,3,2/[a2112h-1b_1-5][Aad21122h-2a_2-6_5*NCC/3=O]/1-2-2/a3-b2_b8-c2
G43391VM	Blood group H	WURCS=2.0/4,4,3/[a2112h-1x_1-5][a2122h-1b_1-5_2*NCC/3=O][a2112h-1b_1-5][a1221m-1a_1-5]/1-2-3-4/a3-b1_b4-c1_c2-d1
G43648DB		WURCS=2.0/4,6,5/[a2122h-1b_1-5_2*NCC/3=O][a1221m-1a_1-5][a1122h-1b_1-5][a1122h-1a_1-5]/1-2-1-3-4-4/a3-b1_a4-c1_c4-d1_d3-e1_d6-f1
G43784HS	Type 1 LN2,Type 1 LN	WURCS=2.0/2,4,3/[a2122h-1b_1-5_2*NCC/3=O][a2112h-1b_1-5]/1-2-1-2/a3-b1_b3-c1_c3-d1
G43804GS		WURCS=2.0/4,5,4/[a2122h-1b_1-5][a2112h-1b_1-5][a2122h-1b_1-5_2*NCC/3=O][Aad21122h-2a_2-6_5*NCC/3=O]/1-2-3-2-4/a4-b1_b3-c1_c3-d1_c6-e2
G44060QH	Blood group A1 (type 3),Blood Group A1	WURCS=2.0/4,7,6/[a2122h-1b_1-5_2*NCC/3=O][a2112h-1b_1-5][a1221m-1a_1-5][a2112h-1a_1-5_2*NCC/3=O]/1-2-3-4-2-3-4/a4-b1_b2-c1_b3-d1_d3-e1_e2-f1_e3-g1
G44345UH	Neu5Ac(a2-6)Gal,Neu5Ac)a2-6)Gal	WURCS=2.0/2,2,1/[a2112h-1x_1-5][Aad21122h-2a_2-6_5*NCC/3=O]/1-2/a6-b2
G44411RJ		WURCS=2.0/3,5,4/[a2112h-1a_1-5_2*NCC/3=O][a2122h-1b_1-5_2*NCC/3=O][a2112h-1b_1-5]/1-2-3-2-3/a3-b1_a6-d1_b4-c1_d4-e1
G44496HJ		WURCS=2.0/4,4,3/[a2112h-1x_1-5][a2122h-1b_1-5_2*NCC/3=O][a2112h-1b_1-5][Aad21122h-2a_2-6_5*NCC/3=O]/1-2-3-4/a3-b1_b3-c1_c3-d2
G44854SQ	Mono-sulfated globotetraosylceramide	WURCS=2.0/3,3,2/[a2112h-1b_1-5][a2112h-1a_1-5][a2112h-1b_1-5_2*NCC/3=O_3*SO/2=O/2=O]/1-2-3/a4-b1_b3-c1
G45058HZ	GalNAc(b1-4)[Neu5Ac(a2-3)]Gal(b1)	WURCS=2.0/3,3,2/[a2112h-1b_1-5][Aad21122h-2a_2-6_5*NCC/3=O][a2112h-1b_1-5_2*NCC/3=O]/1-2-3/a3-b2_a4-c1
G45207BM	LN2, I antigen	WURCS=2.0/3,4,3/[a2122h-1x_1-5_2*NCC/3=O][a2112h-1b_1-5][a2122h-1b_1-5_2*NCC/3=O]/1-2-3-2/a4-b1_b3-c1_c4-d1
G45215IJ		WURCS=2.0/5,9,8/[a2122h-1b_1-5][a2112h-1b_1-5][a2122h-1b_1-5_2*NCC/3=O][a1221m-1a_1-5][Aad21122h-2a_2-6_5*NCC/3=O]/1-2-3-4-2-3-4-2-5/a4-b1_b3-c1_c3-d1_c4-e1_e3-f1_f3-g1_f4-h1_h3-i2
G45673KX	Lex–Lex	WURCS=2.0/4,6,5/[a2122h-1x_1-5_2*NCC/3=O][a1221m-1a_1-5][a2112h-1b_1-5][a2122h-1b_1-5_2*NCC/3=O]/1-2-3-4-2-3/a3-b1_a4-c1_c3-d1_d3-e1_d4-f1
G45714BQ	GD1a	WURCS=2.0/4,6,5/[a2122h-1b_1-5][a2112h-1b_1-5][a2112h-1b_1-5_2*NCC/3=O][Aad21122h-2a_2-6_5*NCC/3=O]/1-2-3-2-4-4/a4-b1_b4-c1_c3-d1_c6-f2_d3-e2
G45770AV	C-Series Gangliosides / Hemato- or Ganglio-Type,C-Series Gangliosides  Oligosaccharide / Hemato- or Ganglio-Type	WURCS=2.0/2,4,3/[a2112h-1x_1-5][Aad21122h-2a_2-6_5*NCC/3=O]/1-2-2-2/a3-b2_b8-c2_c8-d2
G45827GY	Lacto-N-Neotetraose,Lactotetraose,Lacto-N-Tetraose	WURCS=2.0/3,4,3/[a2122h-1x_1-5][a2112h-1b_1-5][a2122h-1b_1-5_2*NCC/3=O]/1-2-3-2/a4-b1_b3-c1_c3-d1
G45869YW		WURCS=2.0/5,5,4/[a2112h-1x_1-5][a2112h-1b_1-5_2*NCC/3=O][a2112h-1b_1-5][a1221m-1a_1-5][a2112h-1a_1-5]/1-2-3-4-5/a3-b1_b3-c1_c2-d1_c3-e1
G46055MA	I' antigen',‘‘I’’ antigen,I' antigen	WURCS=2.0/2,6,5/[a2122h-1b_1-5_2*NCC/3=O][a2112h-1b_1-5]/1-2-1-2-1-2/a4-b1_b3-c1_c4-d1_d3-e1_e4-f1
G46613JI	GM1	WURCS=2.0/4,5,4/[a2122h-1x_1-5][a2112h-1b_1-5][Aad21122h-2a_2-6_5*NCC/3=O][a2112h-1b_1-5_2*NCC/3=O]/1-2-3-4-2/a4-b1_b3-c2_b4-d1_d3-e1
G46677TE	GD1a,Disialogangliotetraosylceramide	WURCS=2.0/4,6,5/[a2122h-1b_1-5][a2112h-1b_1-5][Aad21122h-2a_2-6_5*NCC/3=O][a2112h-1b_1-5_2*NCC/3=O]/1-2-3-4-2-3/a4-b1_b3-c2_b4-d1_d3-e1_e3-f2
G46748BU		WURCS=2.0/4,5,4/[a2112h-1a_1-5_2*NCC/3=O][a2112h-1b_1-5][Aad21122h-2a_2-6_5*NCC/3=O][a2122h-1b_1-5_2*NCC/3=O]/1-2-3-4-2/a3-b1_a6-d1_b3-c2_d4-e1
G46776WR	Sialyl-Lewis c,Sialyl Lewis c	WURCS=2.0/3,3,2/[a2122h-1b_1-5_2*NCC/3=O][a2112h-1b_1-5][Aad21122h-2a_2-6_5*NCC/3=O]/1-2-3/a3-b1_b3-c2
G46799JK	6,6'-bisSulfo-Lewis x	WURCS=2.0/4,4,3/[a2122h-1x_1-5_2*NCC/3=O_6*OSO/3=O/3=O][a1221m-1a_1-5][a2112h-1b_1-5_6*OSO/3=O/3=O][Aad21122h-2a_2-6_5*NCC/3=O]/1-2-3-4/a3-b1_a4-c1_c3-d2
G46868TY	H antigen	WURCS=2.0/3,3,2/[a2112h-1x_1-5_2*NCC/3=O][a2112h-1b_1-5][a1221m-1a_1-5]/1-2-3/a3-b1_b2-c1
G46884IT	B-GM1	WURCS=2.0/6,7,6/[a2122h-1x_1-5][a2112h-1b_1-5][Aad21122h-2a_2-6_5*NCC/3=O][a2112h-1b_1-5_2*NCC/3=O][a1221m-1a_1-5][a2112h-1a_1-5]/1-2-3-4-2-5-6/a4-b1_b3-c2_b4-d1_d3-e1_e2-f1_e3-g1
G47269OM		WURCS=2.0/4,4,3/[a2122h-1x_1-5_2*NCC/3=O][a2112h-1b_1-5][a2112h-1a_1-5][a1221m-1a_1-5]/1-2-3-4/a3-b1_a4-d1_b3-c1
G47325QT	9-O-Acetyl Sialic Acid	WURCS=2.0/1,1,0/[Aad21122h-2a_2-6_5*NCC/3=O_9*OCC/3=O]/1/
G47362BJ		WURCS=2.0/1,3,2/[a2122h-1b_1-5_2*NCC/3=O]/1-1-1/a4-b1_b4-c1
G47379VH	M3FX	WURCS=2.0/6,7,6/[a2122h-1x_1-5_2*NCC/3=O][a1221m-1a_1-5][a2122h-1b_1-5_2*NCC/3=O][a1122h-1b_1-5][a212h-1b_1-5][a1122h-1a_1-5]/1-2-3-4-5-6-6/a3-b1_a4-c1_c4-d1_d2-e1_d3-f1_d6-g1
G47395XN		WURCS=2.0/2,3,2/[a1122h-1x_1-5][a1122h-1a_1-5]/1-2-2/a6-b1_b3-c1
G47428UI	Lactosamine Like Structure	WURCS=2.0/2,2,1/[a2122h-1b_1-5_2*NCC/3=O][a2112h-1x_1-5]/1-2/a?-b1
G47548GA		WURCS=2.0/3,3,2/[a2112h-1b_1-5][a1221m-1a_1-5][a2112h-1a_1-5]/1-2-3/a2-b1_a3-c1
G47812NS	2'-fluorine-3′-sialyl-N-acetyllactosamine	WURCS=2.0/3,3,2/[a2122h-1x_1-5_2*NCC/3=O][a2112h-1b_1-5_2*F][Aad21122h-2a_2-6_5*NCC/3=O]/1-2-3/a3-b1_b3-c2
G48059CD	Paragloboside,Lacto-N-Tetraose,Neolactotetrose,Lacto-N-Neotetraose	WURCS=2.0/3,4,3/[a2122h-1x_1-5][a2112h-1b_1-5][a2122h-1b_1-5_2*NCC/3=O]/1-2-3-2/a4-b1_b3-c1_c4-d1
G48061MK		WURCS=2.0/5,5,4/[a2122h-1x_1-5][a2112h-1b_1-5][a2112h-1a_1-5][a2112h-1b_1-5_2*NCC/3=O][a2112h-1a_1-5_2*NCC/3=O]/1-2-3-4-5/a4-b1_b3-c1_c3-d1_d3-e1
G48117BL	GlcNAc(b1-3)Gal(b1-4)GlcNAc	WURCS=2.0/3,3,2/[a2122h-1x_1-5_2*NCC/3=O][a2112h-1b_1-5][a2122h-1b_1-5_2*NCC/3=O]/1-2-3/a4-b1_b3-c1
G48124SB		WURCS=2.0/2,4,3/[a2122h-1b_1-5_2*NCC/3=O][a2122A-1b_1-5]/1-2-1-2/a3-b1_b4-c1_c3-d1
G48236KP	Neu5Gc(a2-3)Gal(b1-4)GlcNAc	WURCS=2.0/3,3,2/[a2122h-1x_1-5_2*NCC/3=O][a2112h-1b_1-5][Aad21122h-2a_2-6_5*NCCO/3=O]/1-2-3/a4-b1_b3-c2
G48558GR	GM1,Monosialogangliotetraosylceramide	WURCS=2.0/4,5,4/[a2122h-1b_1-5][a2112h-1b_1-5][Aad21122h-2a_2-6_5*NCC/3=O][a2112h-1b_1-5_2*NCC/3=O]/1-2-3-4-2/a4-b1_b3-c2_b4-d1_d3-e1
G48600JD	Blood group A,A Lewis b	WURCS=2.0/4,5,4/[a2122h-1x_1-5_2*NCC/3=O][a2112h-1b_1-5][a1221m-1a_1-5][a2112h-1a_1-5_2*NCC/3=O]/1-2-3-4-3/a3-b1_a4-e1_b2-c1_b3-d1
G48740SL		WURCS=2.0/3,3,2/[a2122h-1x_1-5][a2112h-1b_1-5][a2112h-1a_1-5]/1-2-3/a4-b1_b3-c1
G48838EV		WURCS=2.0/4,5,4/[a2122h-1b_1-5][a2112h-1b_1-5][a2122h-1b_1-5_2*NCC/3=O][Aad21122h-2a_2-6_5*NCC/3=O]/1-2-3-2-4/a4-b1_b3-c1_c3-d1_d6-e2
G49108TO	O-GlcNAc	WURCS=2.0/1,1,0/[a2122h-1b_1-5_2*NCC/3=O]/1/
G49791FJ	GQ1ba	WURCS=2.0/4,8,7/[a2122h-1x_1-5][a2112h-1b_1-5][Aad21122h-2a_2-6_5*NCC/3=O][a2112h-1b_1-5_2*NCC/3=O]/1-2-3-3-4-2-3-3/a4-b1_b3-c2_b4-e1_c8-d2_e3-f1_e6-h2_f3-g2
G49854OS		WURCS=2.0/5,6,5/[a2112h-1a_1-5_2*NCC/3=O][a2112h-1b_1-5][Aad21122h-2a_2-6_5*NCC/3=O][a2122h-1b_1-5_2*NCC/3=O][a1221m-1a_1-5]/1-2-3-4-5-2/a3-b1_a6-d1_b3-c2_d3-e1_d4-f1
G49963IQ	Lewis b,Blood group H,Lewis y (Ley),Lewis y (Lewis Y),Lewis y,Ley	WURCS=2.0/3,4,3/[a2122h-1x_1-5_2*NCC/3=O][a1221m-1a_1-5][a2112h-1b_1-5]/1-2-3-2/a3-b1_a4-c1_c2-d1
G50123ZO	Sialosyl paragloboside	WURCS=2.0/5,6,5/[a2122h-1b_1-5][a2112h-1b_1-5][a2122h-1b_1-5_2*NCC/3=O][a2112h-1b_1-5_2*NCC/3=O][Aad21122h-2a_2-6_5*NCC/3=O]/1-2-3-2-4-5/a4-b1_b3-c1_c4-d1_d3-e1_e3-f2
G50321QR	Sialyl Lewis a glycolipid	WURCS=2.0/5,6,5/[a2122h-1b_1-5][a2112h-1b_1-5][a2122h-1b_1-5_2*NCC/3=O][Aad21122h-2a_2-6_5*NCC/3=O][a1221m-1a_1-5]/1-2-3-2-4-5/a4-b1_b3-c1_c3-d1_c4-f1_d3-e2
G50762GU	GT1c	WURCS=2.0/4,7,6/[a2122h-1x_1-5][a2112h-1b_1-5][Aad21122h-2a_2-6_5*NCC/3=O][a2112h-1b_1-5_2*NCC/3=O]/1-2-3-3-3-4-2/a4-b1_b3-c2_b4-f1_c8-d2_d8-e2_f3-g1
G50850NI	Leukocyte common antigen,Leukosialin,N-acetylneuraminic acid	WURCS=2.0/1,1,0/[Aad21122h-2a_2-6_5*NCC/3=O]/1/
G50866KI	Mono-sulfated globotetraosylceramide	WURCS=2.0/4,4,3/[a2122h-1x_1-5][a2112h-1b_1-5][a2112h-1a_1-5][a2112h-1b_1-5_2*NCC/3=O_3*OSO/3=O/3=O]/1-2-3-4/a4-b1_b4-c1_c3-d1
G50899UD	Blood group H	WURCS=2.0/4,4,3/[a2112h-1x_1-5][a2122h-1b_1-5_2*NCC/3=O][a2112h-1b_1-5][a1221m-1a_1-5]/1-2-3-4/a3-b1_b3-c1_c2-d1
G50926NK	Ceramide dihexosyl sulfate	WURCS=2.0/2,2,1/[a2112h-1b_1-5][a2112h-1b_1-5_3*OSO/3=O/3=O]/1-2/a4-b1
G51258AO		WURCS=2.0/2,3,2/[a1122h-1a_1-5][a1122h-1a_1-5_6*PO/2O/2=O]/1-1-2/a3-b1_b3-c1
G51331BY		WURCS=2.0/2,2,1/[a2122h-1x_1-5_2*NCC/3=O][a2112h-1b_1-5]/1-2/a4-b1
G51379UR	alpha-oligomannoside	WURCS=2.0/2,2,1/[a1122h-1x_1-5][a1122h-1a_1-5]/1-2/a6-b1
G51699SI	para-Forssman glycolipid	WURCS=2.0/4,5,4/[a2122h-1b_1-5][a2112h-1b_1-5][a2112h-1a_1-5][a2112h-1b_1-5_2*NCC/3=O]/1-2-3-4-4/a4-b1_b4-c1_c3-d1_d3-e1
G51907PX	30-Sulfo-Lewis x (30-sulfo Lex))	WURCS=2.0/3,3,2/[a2122h-1b_1-5_2*NCC/3=O][a1221m-1a_1-5][a2112h-1b_1-5_3*SO/2=O/2=O]/1-2-3/a3-b1_a4-c1
G52877MJ		WURCS=2.0/3,9,8/[a2122h-1b_1-5_2*NCC/3=O][a1122h-1a_1-5][a2112h-1b_1-5]/1-1-2-2-1-3-2-1-3/a4-b1_b4-c1_c3-d1_c6-g1_d4-e1_e4-f1_g4-h1_h4-i1
G53231FE	6-Sulfo-sialyl Lewis x (6-sulfo SLex),Cyclic sialyl 6-sulfo Lewis x	WURCS=2.0/4,4,3/[a2122h-1b_1-5_2*NCC/3=O_6*SO/2=O/2=O][a1221m-1a_1-5][a2112h-1b_1-5][Aad21122h-2a_2-6_5*NCC/3=O]/1-2-3-4/a3-b1_a4-c1_c3-d2
G53277CD	HNK-1 antigen	WURCS=2.0/3,3,2/[a2122h-1b_1-5_2*NCC/3=O][a2112h-1b_1-5][a2122A-1b_1-5_3*OSO/3=O/3=O]/1-2-3/a4-b1_b3-c1
G53517XC	Neu5Gc(a2-3)Gal,Neu5Gc(a2-3)Gal / Monosialoganglioside	WURCS=2.0/2,2,1/[a2112h-1x_1-5][Aad21122h-2a_2-6_5*NCCO/3=O]/1-2/a3-b2
G54079WP		WURCS=2.0/5,5,4/[a2112h-1x_1-5][a2122h-1b_1-5_2*NCC/3=O][a2112h-1b_1-5][a1221m-1a_1-5][a2112h-1a_1-5]/1-2-3-4-5/a3-b1_b3-c1_c2-d1_c3-e1
G54118CT		WURCS=2.0/3,3,2/[a2122h-1b_1-5_2*NCC/3=O][a2112h-1b_1-5_2*NCC/3=O][Aad21122h-2a_2-6_5*NCC/3=O]/1-2-3/a4-b1_b6-c2
G54161DR	Heparin	WURCS=2.0/4,4,3/[u2122h_2*NSO/3=O/3=O_6*OSO/3=O/3=O][a2121A-1a_1-5_2*OSO/3=O/3=O][a2122h-1b_1-5_2*NSO/3=O/3=O_6*OSO/3=O/3=O][a2121A-1a_1-5]/1-2-3-4/a4-b1_b4-c1_c4-d1
G54406UD	HNK-1 antigen,HNK-1	WURCS=2.0/3,3,2/[a2122h-1x_1-5_2*NCC/3=O][a2112h-1b_1-5][a2122A-1b_1-5_3*OSO/3=O/3=O]/1-2-3/a4-b1_b3-c1
G54442GQ	GQ1c	WURCS=2.0/4,8,7/[a2122h-1x_1-5][a2112h-1b_1-5][Aad21122h-2a_2-6_5*NCC/3=O][a2112h-1b_1-5_2*NCC/3=O]/1-2-3-3-3-4-2-3/a4-b1_b3-c2_b4-f1_c8-d2_d8-e2_f3-g1_g3-h2
G54585VU		WURCS=2.0/5,6,5/[a2122h-1x_1-5][a2112h-1b_1-5][a2122h-1b_1-5_2*NCC/3=O][a1221m-1a_1-5][a2112h-1a_1-5]/1-2-3-2-4-5/a4-b1_b3-c1_c4-d1_d2-e1_d3-f1
G54721WC		WURCS=2.0/4,5,4/[a2122h-1b_1-5][a2112h-1b_1-5][a2112h-1b_1-5_2*NCC/3=O][Aad21122h-2a_2-6_5*NCC/3=O]/1-2-3-2-4/a4-b1_b4-c1_c3-d1_c6-e2
G54733XO	GQ1ba,GQ1b alpha	WURCS=2.0/4,8,7/[a2122h-1b_1-5][a2112h-1b_1-5][Aad21122h-2a_2-6_5*NCC/3=O][a2112h-1b_1-5_2*NCC/3=O]/1-2-3-3-4-2-3-3/a4-b1_b3-c2_b4-e1_c8-d2_e3-f1_e6-h2_f3-g2
G54826OZ	Blood group A (type 2) (A-Ley),Blood Group A Type 2 (difucosyl),Blood group A (type 2)  (A-Lewis Y),Blood group A (type 2),A-Ley	WURCS=2.0/4,5,4/[a2122h-1b_1-5_2*NCC/3=O][a1221m-1a_1-5][a2112h-1b_1-5][a2112h-1a_1-5_2*NCC/3=O]/1-2-3-2-4/a3-b1_a4-c1_c2-d1_c3-e1
G54937EM	Disialyl I,Disialyl-branched Type 2	WURCS=2.0/3,8,7/[a2122h-1b_1-5_2*NCC/3=O][a2112h-1b_1-5][Aad21122h-2a_2-6_5*NCC/3=O]/1-2-1-2-3-1-2-3/a4-b1_b3-c1_b6-f1_c4-d1_d3-e2_f4-g1_g3-h2
G55026RI		WURCS=2.0/4,4,3/[a2122h-1x_1-5][a1221m-1a_1-5][a2112h-1b_1-5][a2112h-1a_1-5]/1-2-3-4/a3-b1_a4-c1_c4-d1
G55153IW		WURCS=2.0/4,7,6/[a2122h-1b_1-5][a2112h-1b_1-5][a2122h-1b_1-5_2*NCC/3=O][Aad21122h-2a_2-6_5*NCCO/3=O]/1-2-3-2-3-2-4/a4-b1_b3-c1_c4-d1_d3-e1_e4-f1_f3-g2
G55205ZV	P1 Antigen	WURCS=2.0/3,3,2/[a2122h-1x_1-5_2*NCC/3=O][a2112h-1b_1-5][a2112h-1a_1-5]/1-2-3/a4-b1_b4-c1
G55220VL		WURCS=2.0/3,7,6/[a2122h-1b_1-5_2*NCC/3=O][a1122h-1b_1-5][a1122h-1a_1-5]/1-1-2-3-3-3-3/a4-b1_b4-c1_c3-d1_c6-e1_e3-f1_e6-g1
G55286YY	Neu5Gc(a2-8)Neu5Ac(a2-3)Gal	WURCS=2.0/3,3,2/[a2112h-1b_1-5][Aad21122h-2a_2-6_5*NCC/3=O][Aad21122h-2a_2-6_5*NCCO/3=O]/1-2-3/a3-b2_b8-c2
G55583HW	Sialylated LDN	WURCS=2.0/3,3,2/[a2122h-1x_1-5_2*NCC/3=O][a2112h-1b_1-5_2*NCC/3=O][Aad21122h-2a_2-6_5*NCC/3=O]/1-2-3/a4-b1_b6-c2
G55958KV		WURCS=2.0/3,3,2/[a2112h-1x_1-5][a1221m-1a_1-5][a2112h-1a_1-5_2*NCC/3=O]/1-2-3/a2-b1_a3-c1
G56045WU	I' antigen',‘‘I’’ antigen,I Antigen,I' antigen	WURCS=2.0/2,6,5/[a2122h-1b_1-5_2*NCC/3=O][a2112h-1b_1-5]/1-2-1-2-1-2/a4-b1_b3-c1_b6-e1_c4-d1_e4-f1
G56133NW	Sulfo-isogloboside	WURCS=2.0/4,4,3/[a2122h-1x_1-5][a2112h-1b_1-5][a2112h-1a_1-5][a2112h-1b_1-5_2*NCC/3=O_3*OSO/3=O/3=O]/1-2-3-4/a4-b1_b3-c1_c3-d1
G56299XO	Sialyl T antigen,Neu5Ac(a2-3)Gal(b1-3)GalNAc	WURCS=2.0/3,3,2/[a2112h-1x_1-5_2*NCC/3=O][a2112h-1b_1-5][Aad21122h-2a_2-6_5*NCC/3=O]/1-2-3/a3-b1_b3-c2
G56478LD	N-Glycolyl GM2,N-Glycolyl-GM2	WURCS=2.0/4,4,3/[a2122h-1b_1-5][a2112h-1b_1-5][Aad21122h-2a_2-6_5*NCCO/3=O][a2112h-1b_1-5_2*NCC/3=O]/1-2-3-4/a4-b1_b3-c2_b4-d1
G56516VH	GM3,Neu5Ac(a2-3)Gal(b1-4)Glc,Sialyl-3-lactose	WURCS=2.0/3,3,2/[a2122h-1x_1-5][a2112h-1b_1-5][Aad21122h-2a_2-6_5*NCC/3=O]/1-2-3/a4-b1_b3-c2
G56526JU	2-Fucosyl-GM1	WURCS=2.0/5,6,5/[a2122h-1x_1-5][a2112h-1b_1-5][Aad21122h-2a_2-6_5*NCC/3=O][a2112h-1b_1-5_2*NCC/3=O][a1221m-1a_1-5]/1-2-3-4-2-5/a4-b1_b3-c2_b4-d1_d3-e1_e2-f1
G56682BC		WURCS=2.0/3,3,2/[a2112h-1a_1-5_2*NCC/3=O][a2112h-1b_1-5][Aad21122h-2a_2-6_5*NCC/3=O]/1-2-3/a3-b1_a6-c2
G56749GV		WURCS=2.0/6,12,11/[a2122h-1b_1-5_2*NCC/3=O][a1122h-1b_1-5][a1122h-1a_1-5][a2112h-1b_1-5][Aad21122h-2a_2-6_5*NCC/3=O][a1221m-1a_1-5]/1-1-2-3-1-4-5-3-1-4-5-6/a4-b1_a6-l1_b4-c1_c3-d1_c6-h1_d2-e1_e4-f1_f6-g2_h2-i1_i4-j1_j6-k2
G57036MA	Sulfo-isogloboside	WURCS=2.0/3,3,2/[a2112h-1b_1-5][a2112h-1a_1-5][a2112h-1b_1-5_2*NCC/3=O_3*SO/2=O/2=O]/1-2-3/a3-b1_b3-c1
G57142PA	Extended tetrafucosyl-Le	WURCS=2.0/4,10,9/[a2122h-1b_1-5][a2112h-1b_1-5][a2122h-1b_1-5_2*NCC/3=O][a1221m-1a_1-5]/1-2-3-2-4-3-2-4-4-4/a4-b1_b3-c1_c3-d1_c4-j1_d2-e1_d3-f1_f3-g1_f4-i1_g2-h1
G57321FI	Tn antigen,Tn Antigen	WURCS=2.0/1,1,0/[a2112h-1a_1-5_2*NCC/3=O]/1/
G57548NB	Gal(b1-4)[Fuc(a1-3)]Glc(b1)	WURCS=2.0/3,3,2/[a2122h-1b_1-5][a1221m-1a_1-5][a2112h-1b_1-5]/1-2-3/a3-b1_a4-c1
G57709BH	Fuc(a1-3)GalNac(b1),Fuc(a1-3)GalNAc(b1)	WURCS=2.0/2,2,1/[a2112h-1b_1-5_2*NCC/3=O][a1221m-1a_1-5]/1-2/a3-b1
G57710SU	Cytolipin R,Mono-sulfated globopentaosylceramide,Isoglobotetraosylceramide	WURCS=2.0/4,4,3/[a2122h-1b_1-5][a2112h-1b_1-5][a2112h-1a_1-5][a2112h-1b_1-5_2*NCC/3=O]/1-2-3-4/a4-b1_b3-c1_c3-d1
G57796RK	Monosulfated gangliotetraosylceramide	WURCS=2.0/4,4,3/[a2122h-1b_1-5][a2112h-1b_1-5][a2112h-1b_1-5_2*NCC/3=O][a2112h-1b_1-5_3*SO/2=O/2=O]/1-2-3-4/a4-b1_b4-c1_c3-d1
G57920AK	Fucosyl Asialo-GM1,Fuc-gangliotetraosylceramide	WURCS=2.0/4,5,4/[a2122h-1b_1-5][a2112h-1b_1-5][a2112h-1b_1-5_2*NCC/3=O][a1221m-1a_1-5]/1-2-3-2-4/a4-b1_b4-c1_c3-d1_d2-e1
G58507AZ	Blood group A,Antigen A	WURCS=2.0/4,4,3/[a2122h-1x_1-5_2*NCC/3=O][a2112h-1b_1-5][a1221m-1a_1-5][a2112h-1a_1-5_2*NCC/3=O]/1-2-3-4/a3-b1_b2-c1_b3-d1
G58612ZQ		WURCS=2.0/3,3,2/[a2112h-1x_1-5][a1221m-1a_1-5][a2112h-1a_1-5]/1-2-3/a2-b1_a3-c1
G58645HA	Core 1 / T antigen,Gal(b1-3)GalNAc	WURCS=2.0/2,2,1/[h2112h_2*NCC/3=O][a2112h-1b_1-5]/1-2/a3-b1
G58667NI		WURCS=2.0/5,9,8/[a2122h-1b_1-5_2*NCC/3=O][a1122h-1b_1-5][a1122h-1a_1-5][a2112h-1b_1-5][a1221m-1a_1-5]/1-1-2-3-1-4-3-1-5/a4-b1_a6-i1_b4-c1_c3-d1_c6-g1_d2-e1_e4-f1_g2-h1
G58773TI		WURCS=2.0/3,5,4/[a2122h-1b_1-5_2*NCC/3=O][a2112h-1b_1-5][Aad21122h-2a_2-6_5*NCC/3=O]/1-2-1-2-3/a4-b1_b4-c1_c4-d1_d3-e2
G58896AZ	Paragloboside,Neolactotetraosylceramide	WURCS=2.0/3,4,3/[a2122h-1b_1-5][a2112h-1b_1-5][a2122h-1b_1-5_2*NCC/3=O]/1-2-3-2/a4-b1_b3-c1_c4-d1
G59126YU	O-Linked mannose,O-Mannosyl Glycan-Mammalian,O-Mannosyl Glycan / Mammalian	WURCS=2.0/4,4,3/[a1122h-1a_1-5][a2122h-1b_1-5_2*NCC/3=O][a2112h-1b_1-5][Aad21122h-2a_2-6_5*NCC/3=O]/1-2-3-4/a2-b1_b4-c1_c3-d2
G59168YE	3′-sialyl-N-acetyllactosamine(1-3)	WURCS=2.0/3,3,2/[a2122h-1x_1-5_2*NCC/3=O][a2112h-1b_1-5][Aad21122h-2a_2-6_5*NCC/3=O]/1-2-3/a3-b1_b3-c2
G59508TM	Gg4Cer II3-sulfate	WURCS=2.0/4,4,3/[a2122h-1b_1-5][a2112h-1b_1-5_3*OSO/3=O/3=O][a2112h-1b_1-5_2*NCC/3=O][a2112h-1b_1-5]/1-2-3-4/a4-b1_b4-c1_c3-d1
G59736KH	Monosulfated gangliotetraosylceramide	WURCS=2.0/4,4,3/[a2122h-1x_1-5][a2112h-1b_1-5][a2112h-1b_1-5_2*NCC/3=O][a2112h-1b_1-5_3*OSO/3=O/3=O]/1-2-3-4/a4-b1_b4-c1_c3-d1
G59819BB		WURCS=2.0/4,9,8/[a2122h-1x_1-5_2*NCC/3=O][a1221m-1a_1-5][a2112h-1b_1-5][a2122h-1b_1-5_2*NCC/3=O]/1-2-3-4-2-3-4-2-3/a3-b1_a4-c1_c4-d1_d3-e1_d4-f1_f4-g1_g3-h1_g4-i1
G60011XD		WURCS=2.0/1,1,0/[a2112h-1b_1-5_6*OSO/3=O/3=O]/1/
G60395SO	Blood group B,B Lewis b	WURCS=2.0/4,5,4/[a2122h-1x_1-5_2*NCC/3=O][a2112h-1b_1-5][a1221m-1a_1-5][a2112h-1a_1-5]/1-2-3-4-3/a3-b1_a4-e1_b2-c1_b3-d1
G60606QD	HNK-1 on O-mannose	WURCS=2.0/4,4,3/[a1122h-1x_1-5][a2122h-1b_1-5_2*NCC/3=O][a2112h-1b_1-5][a2122A-1b_1-5_3*OSO/3=O/3=O]/1-2-3-4/a2-b1_b4-c1_c3-d1
G60629OV		WURCS=2.0/4,6,5/[a2122h-1b_1-5][a1221m-1a_1-5][a2112h-1b_1-5][a2122h-1b_1-5_2*NCC/3=O]/1-2-3-4-3-2/a3-b1_a4-c1_c3-d1_d3-e1_d4-f1
G60645OK	A-galactosylparagloboside	WURCS=2.0/4,5,4/[a2122h-1b_1-5][a2112h-1b_1-5][a2122h-1b_1-5_2*NCC/3=O][a2112h-1a_1-5]/1-2-3-2-4/a4-b1_b3-c1_c4-d1_d3-e1
G60859DF	GalNAc(b1-4)Gal	WURCS=2.0/2,2,1/[a2112h-1x_1-5][a2112h-1b_1-5_2*NCC/3=O]/1-2/a4-b1
G60890ZT		WURCS=2.0/4,6,5/[a2112h-1a_1-5_2*NCC/3=O][a2112h-1b_1-5][Aad21122h-2a_2-6_5*NCC/3=O][a2122h-1b_1-5_2*NCC/3=O]/1-2-3-4-2-3/a3-b1_a6-d1_b3-c2_d4-e1_e3-f2
G61010HE		WURCS=2.0/3,3,2/[a2122h-1b_1-5_2*NCC/3=O][a2112h-1b_1-5][Aad21122h-2a_2-6]/1-2-3/a4-b1_b3-c2
G61026ND		WURCS=2.0/5,5,4/[a2112h-1x_1-5][a2122h-1b_1-5_2*NCC/3=O][a2112h-1b_1-5][a1221m-1a_1-5][a2112h-1a_1-5_2*NCC/3=O]/1-2-3-4-5/a3-b1_b3-c1_c2-d1_c3-e1
G61149BD	GalNAc(b1-3)Gal(b1-4)GlcNAc	WURCS=2.0/3,3,2/[a2122h-1x_1-5_2*NCC/3=O][a2112h-1b_1-5][a2112h-1b_1-5_2*NCC/3=O]/1-2-3/a4-b1_b3-c1
G61168WC	GM2	WURCS=2.0/4,4,3/[a2122h-1x_1-5][a2112h-1b_1-5][Aad21122h-2a_2-6_5*NCC/3=O][a2112h-1b_1-5_2*NCC/3=O]/1-2-3-4/a4-b1_b3-c2_b4-d1
G61298NX		WURCS=2.0/2,2,1/[a2112h-1x_1-5_2*NCC/3=O][a2112h-1b_1-5]/1-2/a4-b1
G61399NC		WURCS=2.0/3,3,2/[a2122h-1b_1-5][a2112h-1b_1-5][a1221m-1a_1-5]/1-2-3/a4-b1_b2-c1
G61406KC	Tn Antigen	WURCS=2.0/1,1,0/[h2112h_2*NCC/3=O]/1/
G61418DU	N-acetyl-D-galactosamine	WURCS=2.0/1,1,0/[a2112h-1b_1-5_2*NCC/3=O]/1/
G61424BA	Neu5Gc(a2-8)Neu5Ac(a2-3)Gal	WURCS=2.0/3,3,2/[a2112h-1x_1-5][Aad21122h-2a_2-6_5*NCC/3=O][Aad21122h-2a_2-6_5*NCCO/3=O]/1-2-3/a3-b2_b8-c2
G61459JW	Blood Group H Type 2	WURCS=2.0/3,3,2/[a2122h-1b_1-5_2*NCC/3=O][a2112h-1b_1-5][a1221m-1a_1-5]/1-2-3/a4-b1_b2-c1
G61730RY	F1 Alpha	WURCS=2.0/3,3,2/[a2112h-1a_1-5_2*NCC/3=O][a2122h-1b_1-5_2*NCC/3=O][a2112h-1b_1-5]/1-2-3/a6-b1_b4-c1
G62554JH	LcGg4,Lactogangliotetraosylceramide	WURCS=2.0/4,4,3/[a2122h-1b_1-5][a2112h-1b_1-5][a2122h-1b_1-5_2*NCC/3=O][a2112h-1b_1-5_2*NCC/3=O]/1-2-3-4/a4-b1_b3-c1_b4-d1
G62593IS	2'-fluorine-3′-sialyl-N-acetyllactosamine	WURCS=2.0/3,3,2/[a2122h-1x_1-5_2*NCC/3=O][a2112h-1b_1-5_2*F][Aad21122h-2a_2-6_5*NCC/3=O]/1-2-3/a4-b1_b3-c2
G62735WZ	Blood group A2 (A-associated H type 3),Blood Group A2	WURCS=2.0/4,6,5/[a2122h-1b_1-5_2*NCC/3=O][a2112h-1b_1-5][a1221m-1a_1-5][a2112h-1a_1-5_2*NCC/3=O]/1-2-3-4-2-3/a4-b1_b2-c1_b3-d1_d3-e1_e2-f1
G62763GO	Galabiose	WURCS=2.0/2,2,1/[a2112h-1x_1-5][a2112h-1a_1-5]/1-2/a4-b1
G62971NJ		WURCS=2.0/5,7,6/[a2122h-1b_1-5][a2112h-1b_1-5][a2112h-1a_1-5][a2112h-1b_1-5_2*NCC/3=O][a2122h-1b_1-5_2*NCC/3=O]/1-2-3-4-2-5-2/a4-b1_b4-c1_c3-d1_d3-e1_d6-f1_f4-g1
G63069TR	Neu5Ac)a2-6)Gal	WURCS=2.0/2,2,1/[a2112h-1b_1-5][Aad21122h-2a_2-6_5*NCC/3=O]/1-2/a6-b2
G63072CF	O-Mannosyl Glycan-Yeast	WURCS=2.0/2,3,2/[h1122h][a1122h-1a_1-5]/1-2-2/a5-b1_b2-c1
G63238VS		WURCS=2.0/5,6,5/[a2122h-1b_1-5][a2112h-1b_1-5][a2122h-1b_1-5_2*NCC/3=O][a1221m-1a_1-5][a2112h-1a_1-5]/1-2-3-2-4-5/a4-b1_b3-c1_c3-d1_d2-e1_d3-f1
G63813EJ	SD1a	WURCS=2.0/3,4,3/[a2122h-1b_1-5][a2112h-1b_1-5_3*OSO/3=O/3=O][a2112h-1b_1-5_2*NCC/3=O]/1-2-3-2/a4-b1_b4-c1_c3-d1
G64050LH		WURCS=2.0/3,3,2/[a2112h-1a_1-5_2*NCC/3=O][a2112h-1b_1-5][Aad21122h-2b_2-6_5*NCC/3=O]/1-2-3/a3-b1_a6-c2
G64227KZ	Mono-fucosyl LN,Internal Lewis x,Mono-fucosyl LN5	WURCS=2.0/4,11,10/[a2122h-1b_1-5][a2112h-1b_1-5][a2122h-1b_1-5_2*NCC/3=O][a1221m-1a_1-5]/1-2-3-2-3-2-3-4-2-3-2/a4-b1_b3-c1_c4-d1_d3-e1_e4-f1_f3-g1_g3-h1_g4-i1_i3-j1_j4-k1
G64581RP	N-acetylglucosamine	WURCS=2.0/1,1,0/[a2122h-1x_1-5_2*NCC/3=O]/1/
G64856PW		WURCS=2.0/5,6,5/[a2122h-1x_1-5_2*NCC/3=O][a2122h-1b_1-5_2*NCC/3=O][a1122h-1b_1-5][a212h-1b_1-4][a1122h-1a_1-5]/1-2-3-4-5-5/a4-b1_b4-c1_c2-d1_c3-e1_c6-f1
G64973KT		WURCS=2.0/3,4,3/[a2112h-1a_1-5_2*NCC/3=O][a2112h-1b_1-5][a2122h-1b_1-5_2*NCC/3=O]/1-2-3-2/a3-b1_a6-c1_c4-d1
G65112QB	Blood group B	WURCS=2.0/5,7,6/[a2122h-1x_1-5][a2112h-1b_1-5][a2112h-1a_1-5][a2112h-1b_1-5_2*NCC/3=O][a1221m-1a_1-5]/1-2-3-4-2-5-3/a4-b1_b4-c1_c3-d1_d3-e1_e2-f1_e3-g1
G65191ST	Di-sialyl T antigen	WURCS=2.0/3,4,3/[a2112h-1x_1-5_2*NCC/3=O][a2112h-1b_1-5][Aad21122h-2a_2-6_5*NCC/3=O]/1-2-3-3/a3-b1_a6-d2_b3-c2
G65223RT	Mono-fucosyl LN,Mono-fucosyl LN3	WURCS=2.0/4,7,6/[a2122h-1b_1-5][a2112h-1b_1-5][a2122h-1b_1-5_2*NCC/3=O][a1221m-1a_1-5]/1-2-3-4-2-3-2/a4-b1_b3-c1_c3-d1_c4-e1_e3-f1_f4-g1
G65507FU		WURCS=2.0/2,6,5/[a1122h-1x_1-5][a1122h-1a_1-5]/1-2-2-2-2-2/a3-b1_a6-d1_b2-c1_d3-e1_d6-f1
G65562ZE	Sialyl T antigen	WURCS=2.0/3,3,2/[a2112h-1a_1-5_2*NCC/3=O][a2112h-1b_1-5][Aad21122h-2a_2-6_5*NCC/3=O]/1-2-3/a3-b1_b3-c2
G65889KE	Galactosylceramide,Galactose,Beta Galoctose,Bata Galactose	WURCS=2.0/1,1,0/[a2112h-1b_1-5]/1/
G66086EX		WURCS=2.0/2,2,1/[a2112h-1x_1-5][a1221m-1a_1-5]/1-2/a2-b1
G66163TI	Blood group A (type 1),Blood Group A Type 1	WURCS=2.0/4,4,3/[a2122h-1b_1-5_2*NCC/3=O][a2112h-1b_1-5][a1221m-1a_1-5][a2112h-1a_1-5_2*NCC/3=O]/1-2-3-4/a3-b1_b2-c1_b3-d1
G66787RA		WURCS=2.0/3,11,10/[a2122h-1b_1-5_2*NCC/3=O][a1122h-1b_1-5][a1122h-1a_1-5]/1-1-2-2-3-3-2-2-2-3-2/a4-b1_b4-c1_c3-d1_c6-g1_d2-e1_e2-f1_g3-h1_g6-j1_h2-i1_j2-k1
G67383AR	2-Fucosyl-GD1b	WURCS=2.0/5,7,6/[a2122h-1x_1-5][a2112h-1b_1-5][Aad21122h-2a_2-6_5*NCC/3=O][a2112h-1b_1-5_2*NCC/3=O][a1221m-1a_1-5]/1-2-3-3-4-2-5/a4-b1_b3-c2_b4-e1_c8-d2_e3-f1_f2-g1
G67638AR		WURCS=2.0/4,5,4/[a2122h-1x_1-5_2*NCC/3=O][a2112h-1b_1-5][a2122h-1b_1-5_2*NCC/3=O][Aad21122h-2a_2-6_5*NCC/3=O]/1-2-3-2-4/a4-b1_b4-c1_c4-d1_d6-e2
G67969KB		WURCS=2.0/3,7,6/[a2122h-1b_1-5_2*NCC/3=O][a2112h-1b_1-5][Aad21122h-2a_2-6_5*NCC/3=O]/1-2-1-2-1-2-3/a4-b1_b3-c1_c4-d1_d3-e1_e4-f1_f3-g2
G67988RO	Galabiosylceramide	WURCS=2.0/2,2,1/[a2112h-1b_1-5][a2112h-1a_1-5]/1-2/a4-b1
G68084OM		WURCS=2.0/3,3,2/[a2122h-1x_1-5_2*NCC/3=O][a1221m-1a_1-5][a2112h-1b_1-5]/1-2-3/a3-b1_b4-c1
G68110IF	GT1a	WURCS=2.0/4,7,6/[a2122h-1b_1-5][a2112h-1b_1-5][Aad21122h-2a_2-6_5*NCC/3=O][a2112h-1b_1-5_2*NCC/3=O]/1-2-3-4-2-3-3/a4-b1_b3-c2_b4-d1_d3-e1_e3-f2_f8-g2
G68158BT	Galactose,Galactose beta1	WURCS=2.0/1,1,0/[a2112h-1x_1-5]/1/
G68607SL		WURCS=2.0/3,3,2/[a2112h-1x_1-5][a2112h-1b_1-5_2*NCC/3=O][a2112h-1a_1-5_2*NCC/3=O]/1-2-3/a3-b1_b3-c1
G68856EP		WURCS=2.0/4,5,4/[a2122h-1x_1-5][a2112h-1b_1-5][a2122h-1b_1-5_2*NCC/3=O][a2112h-1a_1-5]/1-2-3-2-4/a4-b1_b3-c1_c4-d1_d3-e1
G68983XG		WURCS=2.0/3,6,5/[a2122h-1b_1-5][a2112h-1b_1-5][a2122h-1b_1-5_2*NCC/3=O]/1-2-3-2-3-2/a4-b1_b3-c1_b6-e1_c4-d1_e4-f1
G69030AU	Lewis y (extended),Lewis y (extended) / Hexasaccharide	WURCS=2.0/4,6,5/[a2122h-1x_1-5_2*NCC/3=O][a2112h-1b_1-5][a2122h-1b_1-5_2*NCC/3=O][a1221m-1a_1-5]/1-2-3-4-2-4/a4-b1_b3-c1_c3-d1_c4-e1_e2-f1
G69277LC	GD1a	WURCS=2.0/4,6,5/[a2122h-1x_1-5][a2112h-1b_1-5][Aad21122h-2a_2-6_5*NCC/3=O][a2112h-1b_1-5_2*NCC/3=O]/1-2-3-4-2-3/a4-b1_b3-c2_b4-d1_d3-e1_e3-f2
G69360KJ	SDLex	WURCS=2.0/5,7,6/[a2122h-1x_1-5_2*NCC/3=O][a1221m-1a_1-5][a2112h-1b_1-5][a2122h-1b_1-5_2*NCC/3=O][Aad21122h-2a_2-6_5*NCC/3=O]/1-2-3-4-2-3-5/a3-b1_a4-c1_c3-d1_d3-e1_d4-f1_f3-g2
G69426KQ		WURCS=2.0/3,3,2/[a2122h-1x_1-5_2*NCC/3=O][a2112h-1b_1-5][a2112h-1a_1-5]/1-2-3/a3-b1_b4-c1
G70115XG		WURCS=2.0/4,6,5/[a2122h-1x_1-5][a1221m-1a_1-5][a2112h-1b_1-5][a2122h-1b_1-5_2*NCC/3=O]/1-2-3-4-3-2/a3-b1_a4-c1_c3-d1_d3-e1_d4-f1
G70323CJ	Mannose,O-Mannose	WURCS=2.0/1,1,0/[a1122h-1x_1-5]/1/
G70519XK	Blood group H (type 2)	WURCS=2.0/3,4,3/[a2112h-1b_1-5][a2122h-1b_1-5_2*NCC/3=O][a1221m-1a_1-5]/1-2-1-3/a3-b1_b4-c1_c2-d1
G71121NN	SLex Core 2 O-glycan glycan	WURCS=2.0/5,7,6/[a2112h-1x_1-5_2*NCC/3=O][a2112h-1b_1-5][Aad21122h-2a_2-6_5*NCC/3=O][a2122h-1b_1-5_2*NCC/3=O][a1221m-1a_1-5]/1-2-3-4-5-2-3/a3-b1_a6-d1_b3-c2_d3-e1_d4-f1_f3-g2
G71142DF	Glucosylceramide	WURCS=2.0/1,1,0/[a2122h-1b_1-5]/1/
G71485PH		WURCS=2.0/5,7,6/[a2122h-1b_1-5][a2112h-1b_1-5][a2122h-1b_1-5_2*NCC/3=O][a1221m-1a_1-5][a2112h-1a_1-5_2*NCC/3=O]/1-2-3-2-4-5-4/a4-b1_b3-c1_c3-d1_c4-g1_d2-e1_d3-f1
G71832QJ	A antigen	WURCS=2.0/4,4,3/[a2112h-1x_1-5_2*NCC/3=O][a2112h-1b_1-5][a1221m-1a_1-5][a2112h-1a_1-5_2*NCC/3=O]/1-2-3-4/a3-b1_b2-c1_b3-d1
G72002FC		WURCS=2.0/4,5,4/[a2122h-1b_1-5][a2112h-1b_1-5][a2122h-1b_1-5_2*NCC/3=O][a1221m-1a_1-5]/1-2-3-4-2/a4-b1_b3-c1_c3-d1_c4-e1
G72060BE	O-Mannose Lex	WURCS=2.0/4,4,3/[a1122h-1x_1-5][a2122h-1b_1-5_2*NCC/3=O][a1221m-1a_1-5][a2112h-1b_1-5]/1-2-3-4/a2-b1_b3-c1_b4-d1
G72494BI		WURCS=2.0/4,10,9/[a2122h-1b_1-5][a2112h-1b_1-5][a2122h-1b_1-5_2*NCC/3=O][Aad21122h-2a_2-6_5*NCCO/3=O]/1-2-3-2-3-2-4-3-2-2/a4-b1_b3-c1_c4-d1_d3-e1_d6-h1_e4-f1_f3-g2_h4-i1_i3-j1
G72506RN	Monosialylganglioside LSTb	WURCS=2.0/4,5,4/[a2122h-1x_1-5][a2112h-1b_1-5][a2122h-1b_1-5_2*NCC/3=O][Aad21122h-2a_2-6_5*NCC/3=O]/1-2-3-2-4/a4-b1_b3-c1_c4-d1_d6-e2
G72548RZ	SM4s,Sulfatide,Seminolipid	WURCS=2.0/1,1,0/[a2112h-1b_1-5_3*OSO/3=O/3=O]/1/
G72557NR	B-GD1b	WURCS=2.0/6,8,7/[a2122h-1b_1-5][a2112h-1b_1-5][Aad21122h-2a_2-6_5*NCC/3=O][a2112h-1b_1-5_2*NCC/3=O][a1221m-1a_1-5][a2112h-1a_1-5]/1-2-3-3-4-2-5-6/a4-b1_b3-c2_b4-e1_c8-d2_e3-f1_f2-g1_f3-h1
G72565QB		WURCS=2.0/5,6,5/[a2122h-1b_1-5][a2112h-1b_1-5][a2112h-1a_1-5][a2112h-1b_1-5_2*NCC/3=O][a2112h-1a_1-5_2*NCC/3=O]/1-2-3-4-2-5/a4-b1_b4-c1_c3-d1_d3-e1_e3-f1
G72618IM		WURCS=2.0/2,3,2/[a1122h-1b_1-5][a1122h-1a_1-5]/1-2-2/a3-b1_a6-c1
G72692DY		WURCS=2.0/4,5,4/[a2122h-1b_1-5][a2112h-1b_1-5][a2122h-1b_1-5_2*NCC/3=O][Aad21122h-2a_2-6_5*NCC/3=O]/1-2-3-2-4/a4-b1_b4-c1_c3-d1_d6-e2
G73578JC		WURCS=2.0/3,3,2/[a2122h-1b_1-5_2*NCC/3=O][a2112h-1b_1-5][Aad21122h-2a_2-6_5*NCC/3=O]/1-2-3/a4-b1_b6-c2
G73708UL	6-Sialyl-GalNAc or 6-Sialyl LN (type 1 or 2),6-Sialyl-GalNAc,6-Sialyl LN (type 1),6-Sialyl LN (type 2)	WURCS=2.0/2,2,1/[a2112h-1b_1-5_2*NCC/3=O][Aad21122h-2a_2-6_5*NCC/3=O]/1-2/a6-b2
G74121RX	9-O-Acetyl GD3	WURCS=2.0/4,4,3/[a2122h-1b_1-5][a2112h-1b_1-5][Aad21122h-2a_2-6_5*NCC/3=O][Aad21122h-2a_2-6_5*NCC/3=O_9*OCC/3=O]/1-2-3-4/a4-b1_b3-c2_c8-d2
G74353FF	Blood group A (type 2),Blood Group A Type 2	WURCS=2.0/4,4,3/[a2122h-1b_1-5_2*NCC/3=O][a2112h-1b_1-5][a1221m-1a_1-5][a2112h-1a_1-5_2*NCC/3=O]/1-2-3-4/a4-b1_b2-c1_b3-d1
G74515VG		WURCS=2.0/3,3,2/[a2122h-1x_1-5][a2112h-1b_1-5][a2122A-1b_1-5]/1-2-3/a4-b1_b3-c1
G74578MX	Trifucosyl-Lewis b antigen,Trifucosyl-Lewis b Antigen	WURCS=2.0/3,7,6/[a2122h-1b_1-5_2*NCC/3=O][a2112h-1b_1-5][a1221m-1a_1-5]/1-2-1-2-3-3-3/a3-b1_a4-g1_b3-c1_c3-d1_c4-f1_d2-e1
G74621DY	Lactosylceramide	WURCS=2.0/2,2,1/[a2122h-1x_1-5][a2112h-1b_1-5]/1-2/a4-b1
G74668VC		WURCS=2.0/3,3,2/[a2122h-1x_1-5_2*NCC/3=O][a2112h-1b_1-5][a2112h-1a_1-5]/1-2-3/a3-b1_b3-c1
G74917JX	Trifucosyl-Lewis y antigen,Trifucosyl-Lewis y Antigen	WURCS=2.0/3,7,6/[a2122h-1b_1-5_2*NCC/3=O][a1221m-1a_1-5][a2112h-1b_1-5]/1-2-3-1-2-3-2/a3-b1_a4-c1_c3-d1_d3-e1_d4-f1_f2-g1
G75552OL		WURCS=2.0/3,5,4/[a2122h-1x_1-5_2*NCC/3=O][a2112h-1b_1-5][Aad21122h-2a_2-6_5*NCC/3=O]/1-2-3-3-3/a4-b1_b3-c2_c8-d2_d8-e2
G75789AR	N-Glycolyl GM3	WURCS=2.0/3,3,2/[a2122h-1b_1-5][a2112h-1b_1-5][Aad21122h-2a_2-6_5*NCCO/3=O]/1-2-3/a4-b1_b3-c2
G75811PV	Extended tetrafucosyl-Leb338	WURCS=2.0/4,10,9/[a2122h-1x_1-5][a2112h-1b_1-5][a2122h-1b_1-5_2*NCC/3=O][a1221m-1a_1-5]/1-2-3-2-4-3-2-4-4-4/a4-b1_b3-c1_c3-d1_c4-j1_d2-e1_d3-f1_f3-g1_f4-i1_g2-h1
G75814EP	Disialosyl globopentaosylceramide	WURCS=2.0/5,7,6/[a2122h-1x_1-5][a2112h-1b_1-5][a2112h-1a_1-5][a2112h-1b_1-5_2*NCC/3=O][Aad21122h-2a_2-6_5*NCC/3=O]/1-2-3-4-2-5-5/a4-b1_b4-c1_c3-d1_d3-e1_d6-g2_e3-f2
G76297JC		WURCS=2.0/2,3,2/[a2122h-1x_1-5_2*NCC/3=O][a1122h-1a_1-5]/1-2-2/a4-b1_b3-c1
G76607YV		WURCS=2.0/3,3,2/[a2112h-1a_1-5_2*NCC/3=O][a2112h-1b_1-5][a2122h-1b_1-5_2*NCC/3=O]/1-2-3/a3-b1_b2-c1
G77608BK	GP1c	WURCS=2.0/4,9,8/[a2122h-1x_1-5][a2112h-1b_1-5][Aad21122h-2a_2-6_5*NCC/3=O][a2112h-1b_1-5_2*NCC/3=O]/1-2-3-3-3-4-2-3-3/a4-b1_b3-c2_b4-f1_c8-d2_d8-e2_f3-g1_g3-h2_h8-i2
G77620XT		WURCS=2.0/5,5,4/[a2112h-1x_1-5][a2112h-1b_1-5_2*NCC/3=O][a2112h-1b_1-5][a1221m-1a_1-5][a2112h-1a_1-5_2*NCC/3=O]/1-2-3-4-5/a3-b1_b3-c1_c2-d1_c3-e1
G77659VW	6'-Sulfo-sialyl Lewis x	WURCS=2.0/4,4,3/[a2122h-1x_1-5_2*NCC/3=O][a1221m-1a_1-5][a2112h-1b_1-5_6*OSO/3=O/3=O][Aad21122h-2a_2-6_5*NCC/3=O]/1-2-3-4/a3-b1_a4-c1_c3-d2
G77824XV	GM4,Neu5Ac(a2-3)Gal / Monosialoganglioside	WURCS=2.0/2,2,1/[a2112h-1x_1-5][Aad21122h-2a_2-6_5*NCC/3=O]/1-2/a3-b2
G78074HX	Isoglobotriaosylceramide	WURCS=2.0/3,3,2/[a2122h-1b_1-5][a2112h-1b_1-5][a2112h-1a_1-5]/1-2-3/a4-b1_b3-c1
G78260AJ		WURCS=2.0/2,2,1/[a2112h-1x_1-5][a2112h-1a_1-5]/1-2/a3-b1
G78436BB	T or TF antigen,Leukosialin,Leukocyte common antigen,Gal(b1-3)GalNAc	WURCS=2.0/2,2,1/[a2112h-1x_1-5_2*NCC/3=O][a2112h-1b_1-5]/1-2/a3-b1
G78706CK	3-Sulfo-Lewis a (30-Sulfo Lewis a),3'-Sulfo Lewis a,3'-Sulfo Lea	WURCS=2.0/3,3,2/[a2122h-1b_1-5_2*NCC/3=O][a2112h-1b_1-5_3*OSO/3=O/3=O][a1221m-1a_1-5]/1-2-3/a3-b1_a4-c1
G78818SP	GT1c,C-Series Gangliosides / Gangliotetraosyl Core,C-Series Gangliosides Oligosaccharide / Gangliotetraosyl Core Structure	WURCS=2.0/4,7,6/[a2122h-1b_1-5][a2112h-1b_1-5][Aad21122h-2a_2-6_5*NCC/3=O][a2112h-1b_1-5_2*NCC/3=O]/1-2-3-3-3-4-2/a4-b1_b3-c2_b4-f1_c8-d2_d8-e2_f3-g1
G78941GA		WURCS=2.0/4,5,4/[a2122h-1b_1-5][a1221m-1a_1-5][a2112h-1b_1-5][a2122h-1b_1-5_2*NCC/3=O]/1-2-3-4-3/a3-b1_a4-c1_c3-d1_d3-e1
G79389NT	N-Acetyl GM2,GM2	WURCS=2.0/4,4,3/[a2122h-1b_1-5][a2112h-1b_1-5][Aad21122h-2a_2-6_5*NCC/3=O][a2112h-1b_1-5_2*NCC/3=O]/1-2-3-4/a4-b1_b3-c2_b4-d1
G79399YJ		WURCS=2.0/4,5,4/[a2122h-1x_1-5][a2112h-1b_1-5][a2122h-1b_1-5_2*NCC/3=O][a2122A-1b_1-5]/1-2-3-2-4/a4-b1_b3-c1_c3-d1_d3-e1
G79535HZ	Lex–Lex,Dimeric Lewis x,Lewis X–Lewis X,Lex-Lex	WURCS=2.0/3,6,5/[a2122h-1b_1-5_2*NCC/3=O][a1221m-1a_1-5][a2112h-1b_1-5]/1-2-3-1-2-3/a3-b1_a4-c1_c3-d1_d3-e1_d4-f1
G79536OW		WURCS=2.0/4,5,4/[a2122h-1b_1-5][a2112h-1b_1-5][a2122h-1b_1-5_2*NCC/3=O][Aad21122h-2a_2-6_5*NCC/3=O]/1-2-3-2-4/a4-b1_b3-c1_c3-d1_d3-e2
G80022XC		WURCS=2.0/3,4,3/[a2112h-1b_1-5][a2122h-1b_1-5_2*NCC/3=O][a1221m-1a_1-5]/1-2-1-3/a3-b1_b3-c1_b4-d1
G80062GG	Forssman Antigen,Forssman glycolipid	WURCS=2.0/5,5,4/[a2122h-1b_1-5][a2112h-1b_1-5][a2112h-1a_1-5][a2112h-1b_1-5_2*NCC/3=O][a2112h-1a_1-5_2*NCC/3=O]/1-2-3-4-5/a4-b1_b4-c1_c3-d1_d3-e1
G80291PD	Mono-fucosyl LN3	WURCS=2.0/4,7,6/[a2122h-1x_1-5][a2112h-1b_1-5][a2122h-1b_1-5_2*NCC/3=O][a1221m-1a_1-5]/1-2-3-4-2-3-2/a4-b1_b3-c1_c3-d1_c4-e1_e3-f1_f4-g1
G80393RT		WURCS=2.0/3,6,5/[a2122h-1b_1-5][a2112h-1b_1-5][a2122h-1b_1-5_2*NCC/3=O]/1-2-3-2-3-2/a4-b1_b3-c1_b6-e1_c3-d1_e4-f1
G80587NA		WURCS=2.0/2,2,1/[a2122h-1b_1-5_2*NCC/3=O][a1221m-1a_1-5]/1-2/a3-b1
G80722US	Cyclic sialyl 6-sulfo Lewis x,6-sulfo sialyl Lewis X,Sialyl 6-Sulfo Lewis x,6-Sulfo Sialyl Lewis x,6-Sulfo-sialyl Lewis x (6-sulfo SLex),6-sulfo SLex	WURCS=2.0/4,4,3/[a2122h-1b_1-5_2*NCC/3=O_6*OSO/3=O/3=O][a1221m-1a_1-5][a2112h-1b_1-5][Aad21122h-2a_2-6_5*NCC/3=O]/1-2-3-4/a3-b1_a4-c1_c3-d2
G80750JQ		WURCS=2.0/4,5,4/[a2112h-1x_1-5][a2122h-1b_1-5][a2112h-1b_1-5][Aad21122h-2a_2-6_5*NCC/3=O]/1-2-3-4-4/a1-b1_a3-e2_b4-c1_c3-d2
G80858MF		WURCS=2.0/4,8,7/[a2122h-1b_1-5_2*NCC/3=O][a1122h-1b_1-5][a1122h-1a_1-5][a1221m-1a_1-5]/1-1-2-3-1-3-1-4/a4-b1_a6-h1_b4-c1_c3-d1_c6-f1_d2-e1_f2-g1
G80966KZ		WURCS=2.0/3,8,7/[a2122h-1b_1-5_2*NCC/3=O][a1122h-1b_1-5][a1122h-1a_1-5]/1-1-2-3-3-3-3-3/a4-b1_b4-c1_c3-d1_c6-f1_d2-e1_f3-g1_f6-h1
G81345OW		WURCS=2.0/3,4,3/[a2112h-1b_1-5][a2122h-1b_1-5_2*NCC/3=O][a1221m-1a_1-5]/1-2-3-1/a3-b1_b3-c1_b4-d1
G81516LH	Lewis X,O-Mannose Lex	WURCS=2.0/4,4,3/[a1122h-1a_1-5][a2122h-1b_1-5_2*NCC/3=O][a1221m-1a_1-5][a2112h-1b_1-5]/1-2-3-4/a2-b1_b3-c1_b4-d1
G81533KY	Sialic Acid,N-acetylneuraminic acid,Neu5Ac	WURCS=2.0/1,1,0/[Aad21122h-2x_2-6_5*NCC/3=O]/1/
G81787XH		WURCS=2.0/4,5,4/[a2112h-1a_1-5_2*NCC/3=O][a2112h-1a_1-5][a2122h-1a_1-5_2*NCC/3=O][Aad21122h-2a_2-6_5*NCC/3=O]/1-2-3-2-4/a3-b1_a6-c1_c4-d1_d3-e2
G81928IQ	9-O-Acetyl GD3,GD3,Neu5Ac(a2-8)Neu5Ac(a2-3)Gal(b1-4)Glc	WURCS=2.0/3,4,3/[a2122h-1x_1-5][a2112h-1b_1-5][Aad21122h-2a_2-6_5*NCC/3=O]/1-2-3-3/a4-b1_b3-c2_c8-d2
G81971FM	Sialyl Lewis a	WURCS=2.0/4,4,3/[a2122h-1x_1-5_2*NCC/3=O][a2112h-1b_1-5][Aad21122h-2a_2-6_5*NCC/3=O][a1221m-1a_1-5]/1-2-3-4/a3-b1_a4-d1_b3-c2
G81983KG	GD1 (GD1c),GD1,GD1c	WURCS=2.0/4,6,5/[a2122h-1b_1-5][a2112h-1b_1-5][a2112h-1b_1-5_2*NCC/3=O][Aad21122h-2a_2-6_5*NCC/3=O]/1-2-3-2-4-4/a4-b1_b4-c1_c3-d1_d3-e2_e8-f2
G82061CN	HNK-1 on O-mannose	WURCS=2.0/4,4,3/[a1122h-1a_1-5][a2122h-1b_1-5_2*NCC/3=O][a2112h-1b_1-5][a2122A-1b_1-5_3*SO/2=O/2=O]/1-2-3-4/a2-b1_b4-c1_c3-d1
G82106UN	Dimeric Lewis a	WURCS=2.0/4,8,7/[a2122h-1b_1-5][a2112h-1b_1-5][a2122h-1b_1-5_2*NCC/3=O][a1221m-1a_1-5]/1-2-3-2-3-2-4-4/a4-b1_b3-c1_c3-d1_c4-h1_d3-e1_e3-f1_e4-g1
G82576YO	Fucose,O-Fucose	WURCS=2.0/1,1,0/[a1221m-1x_1-5]/1/
G82612XX	KDN-Gal	WURCS=2.0/2,2,1/[a2112h-1b_1-5][Aad21122h-2a_2-6]/1-2/a3-b2
G82625KX	KDN-Gal	WURCS=2.0/2,2,1/[a2112h-1x_1-5][Aad21122h-2a_2-6]/1-2/a3-b2
G82749ZI	Blood Group H Like,Internal Blood Group H	WURCS=2.0/2,2,1/[a2112h-1b_1-5][a1221m-1x_1-5]/1-2/a?-b1
G82775QT	Sia(a2-8)Sia(a2-3)Gal,Neu5Ac(a2-8)Neu5Ac(a2-3)Gal	WURCS=2.0/2,3,2/[a2112h-1x_1-5][Aad21122h-2a_2-6_5*NCC/3=O]/1-2-2/a3-b2_b8-c2
G82858KU		WURCS=2.0/5,6,5/[a2122h-1b_1-5][a2112h-1b_1-5][a2122h-1b_1-5_2*NCC/3=O][a1221m-1a_1-5][a2112h-1a_1-5_2*NCC/3=O]/1-2-3-2-4-5/a4-b1_b3-c1_c3-d1_d2-e1_d3-f1
G82974JM	Neu5Ac(a2-8)Neu5Gc(a2-3)Gal	WURCS=2.0/3,3,2/[a2112h-1x_1-5][Aad21122h-2a_2-6_5*NCCO/3=O][Aad21122h-2a_2-6_5*NCC/3=O]/1-2-3/a3-b2_b8-c2
G83088MZ		WURCS=2.0/3,3,2/[a2112h-1x_1-5][a2122h-1b_1-5_2*NCC/3=O][a2112h-1b_1-5]/1-2-3/a4-b1_b4-c1
G83120FP	GL-6 fucosylated	WURCS=2.0/5,6,5/[a2122h-1x_1-5][a2112h-1b_1-5][a2112h-1a_1-5][a2112h-1b_1-5_2*NCC/3=O][a1221m-1a_1-5]/1-2-3-4-2-5/a4-b1_b4-c1_c3-d1_d3-e1_e2-f1
G83161QT		WURCS=2.0/3,9,8/[a2122h-1b_1-5_2*NCC/3=O][a1122h-1b_1-5][a1122h-1a_1-5]/1-1-2-3-3-3-3-3-3/a4-b1_b4-c1_c3-d1_c6-f1_d2-e1_f3-g1_f6-h1_h2-i1
G83212YI		WURCS=2.0/5,6,5/[a2122h-1b_1-5][a2112h-1b_1-5][a2122h-1b_1-5_2*NCC/3=O][a2112h-1b_1-5_2*NCC/3=O][a2112h-1a_1-5_2*NCC/3=O]/1-2-3-2-4-5/a4-b1_b3-c1_c4-d1_d3-e1_e3-f1
G83295FM		WURCS=2.0/4,6,5/[a2122h-1b_1-5_2*NCC/3=O][a1221m-1a_1-5][a1122h-1b_1-5][a1122h-1a_1-5]/1-2-3-4-4-4/a3-b1_a4-c1_c3-d1_c6-f1_d2-e1
G83513YI	Sialylparagloboside,2-6 Sialylparagloboside,Monosialylganglioside LSTb	WURCS=2.0/4,5,4/[a2122h-1b_1-5][a2112h-1b_1-5][a2122h-1b_1-5_2*NCC/3=O][Aad21122h-2a_2-6_5*NCC/3=O]/1-2-3-2-4/a4-b1_b3-c1_c4-d1_d6-e2
G83540EL		WURCS=2.0/3,3,2/[a2122h-1b_1-5][a2112h-1b_1-5][a2122h-1b_1-5_2*NCC/3=O]/1-2-3/a4-b1_b6-c1
G84034JH	Neolactohexosylceramide	WURCS=2.0/3,6,5/[a2122h-1b_1-5][a2112h-1b_1-5][a2122h-1b_1-5_2*NCC/3=O]/1-2-3-2-3-2/a4-b1_b3-c1_c4-d1_d3-e1_e4-f1
G84173YM		WURCS=2.0/4,4,3/[a2122h-1b_1-5][a1221m-1a_1-5][a2112h-1b_1-5][Aad21122h-2a_2-6_5*NCC/3=O]/1-2-3-4/a3-b1_a4-c1_c3-d2
G84224TW	Lactosylceramide	WURCS=2.0/2,2,1/[a2122h-1b_1-5][a2112h-1b_1-5]/1-2/a4-b1
G84263XI	SSEA-4	WURCS=2.0/4,4,3/[a2112h-1a_1-5][a2112h-1b_1-5_2*NCC/3=O][a2112h-1b_1-5][Aad21122h-2a_2-6_5*NCC/3=O]/1-2-3-4/a3-b1_b3-c1_c3-d2
G84350SH		WURCS=2.0/3,4,3/[a2122h-1x_1-5_2*NCC/3=O][a2112h-1b_1-5][Aad21122h-2a_2-6_5*NCC/3=O]/1-2-3-3/a4-b1_b3-c2_c8-d2
G84891DZ	N-Glycolyl GD3	WURCS=2.0/3,4,3/[a2122h-1b_1-5][a2112h-1b_1-5][Aad21122h-2a_2-6_5*NCCO/3=O]/1-2-3-3/a4-b1_b3-c2_c8-d2
G84906ML	Disialyl T Antigen	WURCS=2.0/3,4,3/[h2112h_2*NCC/3=O][a2112h-1b_1-5][Aad21122h-2a_2-6_5*NCC/3=O]/1-2-3-3/a3-b1_a6-d2_b3-c2
G85237WB	LcGg4,Lactogangliotetraosylceramide	WURCS=2.0/4,4,3/[a2122h-1x_1-5][a2112h-1b_1-5][a2122h-1b_1-5_2*NCC/3=O][a2112h-1b_1-5_2*NCC/3=O]/1-2-3-4/a4-b1_b3-c1_b4-d1
G85278ER		WURCS=2.0/3,6,5/[a2122h-1x_1-5][a2112h-1b_1-5][a2122h-1b_1-5_2*NCC/3=O]/1-2-3-2-3-2/a4-b1_b3-c1_c4-d1_d3-e1_e4-f1
G85497PI	SSEA-1,SSEA	WURCS=2.0/3,6,5/[a2112h-1b_1-5][a2122h-1b_1-5_2*NCC/3=O][a1221m-1a_1-5]/1-2-1-2-3-1/a3-b1_b4-c1_c3-d1_d3-e1_d4-f1
G85608AG		WURCS=2.0/4,4,3/[a2112h-1a_1-5_2*NCC/3=O][a2112h-1b_1-5][Aad21122h-2a_2-6_5*NCC/3=O][a2122h-1b_1-5_2*NCC/3=O]/1-2-3-4/a3-b1_a6-d1_b3-c2
G85735NR		WURCS=2.0/3,8,7/[a2122h-1x_1-5][a2112h-1b_1-5][a2122h-1b_1-5_2*NCC/3=O]/1-2-3-2-3-2-3-2/a4-b1_b3-c1_c4-d1_d3-e1_e4-f1_f3-g1_g4-h1
G85779MY	LN3	WURCS=2.0/3,6,5/[a2122h-1x_1-5_2*NCC/3=O][a2112h-1b_1-5][a2122h-1b_1-5_2*NCC/3=O]/1-2-3-2-3-2/a3-b1_b3-c1_c3-d1_d3-e1_e3-f1
G85947WY		WURCS=2.0/3,7,6/[a2122h-1b_1-5_2*NCC/3=O][a1221m-1a_1-5][a2112h-1b_1-5]/1-2-3-1-2-3-2/a3-b1_a4-c1_c4-d1_d3-e1_d4-f1_f2-g1
G86123DJ		WURCS=2.0/2,2,1/[a2112h-1x_1-5][a2112h-1a_1-5]/1-2/a6-b1
G86139YL	GH1ca	WURCS=2.0/4,10,9/[a2122h-1x_1-5][a2112h-1b_1-5][Aad21122h-2a_2-6_5*NCC/3=O][a2112h-1b_1-5_2*NCC/3=O]/1-2-3-3-3-4-2-3-3-3/a4-b1_b3-c2_b4-f1_c8-d2_d8-e2_f3-g1_f6-j2_g3-h2_h8-i2
G87212TR	Mono-sulfated globotetraosylceramide	WURCS=2.0/3,3,2/[a2112h-1b_1-5][a2112h-1a_1-5][a2112h-1b_1-5_2*NCC/3=O_3*OSO/3=O/3=O]/1-2-3/a4-b1_b3-c1
G87245HS		WURCS=2.0/3,4,3/[a2112h-1x_1-5][a2112h-1b_1-5][a1221m-1a_1-5]/1-2-3-3/a3-b1_a4-d1_b2-c1
G87293AR		WURCS=2.0/6,13,12/[a2122h-1b_1-5_2*NCC/3=O][a1122h-1b_1-5][a1122h-1a_1-5][a2112h-1b_1-5][Aad21122h-2a_2-6_5*NCC/3=O][a1221m-1a_1-5]/1-1-2-3-1-4-5-5-3-1-4-5-6/a4-b1_a6-m1_b4-c1_c3-d1_c6-i1_d2-e1_e4-f1_f3-g2_g8-h2_i2-j1_j4-k1_k6-l2
G87315SO		WURCS=2.0/2,2,1/[a2112h-1x_1-5][a2112h-1b_1-5_2*NCC/3=O]/1-2/a3-b1
G87727XV	Lactotriaosylceramide	WURCS=2.0/3,3,2/[a2122h-1x_1-5][a2112h-1b_1-5][a2122h-1b_1-5_2*NCC/3=O]/1-2-3/a4-b1_b3-c1
G88356HA	Blood group A	WURCS=2.0/6,7,6/[a2122h-1x_1-5][a2112h-1b_1-5][a2112h-1a_1-5][a2112h-1b_1-5_2*NCC/3=O][a1221m-1a_1-5][a2112h-1a_1-5_2*NCC/3=O]/1-2-3-4-2-5-6/a4-b1_b4-c1_c3-d1_d3-e1_e2-f1_e3-g1
G88393MK	Antigen H	WURCS=2.0/3,3,2/[a2122h-1x_1-5_2*NCC/3=O][a2112h-1b_1-5][a1221m-1a_1-5]/1-2-3/a3-b1_b2-c1
G88675ZE		WURCS=2.0/4,4,3/[a2112h-1x_1-5][a2122h-1b_1-5_2*NCC/3=O][a2112h-1b_1-5][Aad21122h-2a_2-6_5*NCC/3=O]/1-2-3-4/a3-b1_b4-c1_c3-d2
G88766TD		WURCS=2.0/5,5,4/[a2112h-1x_1-5][a2122h-1b_1-5_2*NCC/3=O][a2112h-1b_1-5][a1221m-1a_1-5][a2112h-1a_1-5_2*NCC/3=O]/1-2-3-4-5/a3-b1_b4-c1_c2-d1_c3-e1
G88796WA		WURCS=2.0/4,4,3/[a2112h-1b_1-5][a2112h-1a_1-5][a2112h-1b_1-5_2*NCC/3=O][a2112h-1a_1-5_2*NCC/3=O]/1-2-3-4/a4-b1_b3-c1_c3-d1
G89208KM	Blood group B (type 1) (B-Ley),Blood group B (type 1)  (B-Lewis Y),Blood group B (type 1),B-Ley	WURCS=2.0/4,5,4/[a2122h-1b_1-5_2*NCC/3=O][a2112h-1b_1-5][a1221m-1a_1-5][a2112h-1a_1-5]/1-2-3-4-3/a3-b1_a4-e1_b2-c1_b3-d1
G89307GT	6-Sulfo Lewis x	WURCS=2.0/3,3,2/[a2122h-1b_1-5_2*NCC/3=O_6*OSO/3=O/3=O][a1221m-1a_1-5][a2112h-1b_1-5]/1-2-3/a3-b1_a4-c1
G89524PP		WURCS=2.0/5,6,5/[a2112h-1a_1-5_2*NCC/3=O][a2112h-1a_1-5][Aad21122h-2a_2-6_5*NCC/3=O][a2122h-1a_1-5_2*NCC/3=O][a1221m-1a_1-5]/1-2-3-4-5-2/a3-b1_a6-d1_b3-c2_d3-e1_d4-f1
G89565QL	O-GlcNAc	WURCS=2.0/1,1,0/[h2122h_2*NCC/3=O]/1/
G89591DK	HNK-1 antigen	WURCS=2.0/3,3,2/[a2122h-1b_1-5_2*NCC/3=O][a2112h-1b_1-5][a2122A-1b_1-5_3*SO/2=O/2=O]/1-2-3/a4-b1_b3-c1
G89659QV	Lewis Y	WURCS=2.0/4,6,5/[a2122h-1b_1-5][a2112h-1b_1-5][a2122h-1b_1-5_2*NCC/3=O][a1221m-1a_1-5]/1-2-3-4-2-4/a4-b1_b3-c1_c3-d1_c4-e1_e2-f1
G90017UO		WURCS=2.0/5,10,9/[a2122h-1b_1-5_2*NCC/3=O][a1122h-1b_1-5][a1122h-1a_1-5][a1221m-1a_1-5][a2112h-1b_1-5]/1-1-2-3-1-4-5-3-1-4/a4-b1_a6-j1_b4-c1_c3-d1_c6-h1_d2-e1_e3-f1_e4-g1_h2-i1
G90377OF		WURCS=2.0/4,4,3/[a2122h-1x_1-5][a2112h-1b_1-5][a1221m-1a_1-5][a2112h-1a_1-5_2*NCC/3=O]/1-2-3-4/a4-b1_b2-c1_b3-d1
G90562PB	Gangliotriaosylceramide	WURCS=2.0/3,3,2/[a2122h-1b_1-5][a2112h-1b_1-5][a2112h-1b_1-5_2*NCC/3=O]/1-2-3/a4-b1_b4-c1
G90598GO	GQ1aa	WURCS=2.0/4,8,7/[a2122h-1b_1-5][a2112h-1b_1-5][Aad21122h-2a_2-6_5*NCC/3=O][a2112h-1b_1-5_2*NCC/3=O]/1-2-3-4-2-3-3-3/a4-b1_b3-c2_b4-d1_d3-e1_d6-h2_e3-f2_f8-g2
G90889KG		WURCS=2.0/7,12,11/[a2122h-1x_1-5_2*NCC/3=O][a2122h-1b_1-5_2*NCC/3=O][a1122h-1b_1-5][a1122h-1a_1-5][a2112h-1b_1-5][Aad21122h-2a_2-6_5*NCC/3=O][a1221m-1a_1-5]/1-2-3-4-2-5-6-4-2-5-6-7/a4-b1_a6-l1_b4-c1_c3-d1_c6-h1_d2-e1_e4-f1_f3-g2_h2-i1_i4-j1_j3-k2
G91237TK	N-Acetyl GM3,Sialyl-3-lactose,GM3,Monosialodihexosylganglioside	WURCS=2.0/3,3,2/[a2122h-1b_1-5][a2112h-1b_1-5][Aad21122h-2a_2-6_5*NCC/3=O]/1-2-3/a4-b1_b3-c2
G91326YS	Sialyl Lea glycolipid	WURCS=2.0/5,6,5/[a2122h-1x_1-5][a2112h-1b_1-5][a2122h-1b_1-5_2*NCC/3=O][Aad21122h-2a_2-6_5*NCC/3=O][a1221m-1a_1-5]/1-2-3-2-4-5/a4-b1_b3-c1_c3-d1_c4-f1_d3-e2
G91348US		WURCS=2.0/3,5,4/[a2122h-1x_1-5_2*OSO/3=O/3=O_6*OSO/3=O/3=O_?*N][a2121A-1a_1-5_2*OSO/3=O/3=O][a2122h-1a_1-5_2*OSO/3=O/3=O_6*OSO/3=O/3=O_?*N]/1-2-3-2-3/a4-b1_b4-c1_c4-d1_d4-e1
G91532KA	Fucosyl GM1,2-Fucosyl-GM1	WURCS=2.0/5,6,5/[a2122h-1b_1-5][a2112h-1b_1-5][Aad21122h-2a_2-6_5*NCC/3=O][a2112h-1b_1-5_2*NCC/3=O][a1221m-1a_1-5]/1-2-3-4-2-5/a4-b1_b3-c2_b4-d1_d3-e1_e2-f1
G91649BT	Gal-CTH	WURCS=2.0/3,4,3/[a2122h-1b_1-5][a2112h-1b_1-5][a2112h-1a_1-5]/1-2-3-3/a4-b1_b4-c1_c3-d1
G92171GY		WURCS=2.0/3,6,5/[a2122h-1x_1-5_2*OSO/3=O/3=O_6*OSO/3=O/3=O_?*N][a2121A-1a_1-5_2*OSO/3=O/3=O][a2122h-1a_1-5_2*OSO/3=O/3=O_6*OSO/3=O/3=O_?*N]/1-2-3-2-3-2/a4-b1_b4-c1_c4-d1_d4-e1_e4-f1
G92175CL	GalNAc-GD1a	WURCS=2.0/4,7,6/[a2122h-1b_1-5][a2112h-1b_1-5][Aad21122h-2a_2-6_5*NCC/3=O][a2112h-1b_1-5_2*NCC/3=O]/1-2-3-4-2-3-4/a4-b1_b3-c2_b4-d1_d3-e1_e3-f2_e4-g1
G92341SR	2,6-sialyl-Sulfo-LN (6-sialyl-6-sulfo LN)	WURCS=2.0/3,3,2/[a2122h-1b_1-5_2*NCC/3=O_6*SO/2=O/2=O][a2112h-1b_1-5][Aad21122h-2a_2-6_5*NCC/3=O]/1-2-3/a4-b1_b6-c2
G92564XJ		WURCS=2.0/4,5,4/[a2122h-1x_1-5][a1221m-1a_1-5][a2112h-1b_1-5][a2112h-1a_1-5]/1-2-3-2-4/a2-b1_a4-c1_c2-d1_c3-e1
G93400AK	Disialyl Lewis a	WURCS=2.0/4,5,4/[a2122h-1b_1-5_2*NCC/3=O][a2112h-1b_1-5][Aad21122h-2a_2-6_5*NCC/3=O][a1221m-1a_1-5]/1-2-3-4-3/a3-b1_a4-d1_a6-e2_b3-c2
G93468NI	GT1a	WURCS=2.0/4,7,6/[a2122h-1x_1-5][a2112h-1b_1-5][Aad21122h-2a_2-6_5*NCC/3=O][a2112h-1b_1-5_2*NCC/3=O]/1-2-3-4-2-3-3/a4-b1_b3-c2_b4-d1_d3-e1_e3-f2_f8-g2
G93536PN	Mono-fucosyl LN5	WURCS=2.0/4,11,10/[a2122h-1x_1-5][a2112h-1b_1-5][a2122h-1b_1-5_2*NCC/3=O][a1221m-1a_1-5]/1-2-3-2-3-2-3-4-2-3-2/a4-b1_b3-c1_c4-d1_d3-e1_e4-f1_f3-g1_g3-h1_g4-i1_i3-j1_j4-k1
G93694YU	2-Fucosyl-GD1b	WURCS=2.0/5,7,6/[a2122h-1b_1-5][a2112h-1b_1-5][Aad21122h-2a_2-6_5*NCC/3=O][a2112h-1b_1-5_2*NCC/3=O][a1221m-1a_1-5]/1-2-3-3-4-2-5/a4-b1_b3-c2_b4-e1_c8-d2_e3-f1_f2-g1
G93779QZ	6-sulfo sialyl Lewis c	WURCS=2.0/3,3,2/[a2122h-1b_1-5_2*NCC/3=O_6*OSO/3=O/3=O][a2112h-1b_1-5][Aad21122h-2a_2-6_5*NCC/3=O]/1-2-3/a3-b1_b3-c2
G93805MV	GP1c	WURCS=2.0/4,8,7/[a2122h-1b_1-5][Aad21122h-2a_2-6_5*NCC/3=O][a2112h-1b_1-5_2*NCC/3=O][a2112h-1b_1-5]/1-2-2-2-3-4-2-2/a3-b2_a4-e1_b8-c2_c8-d2_e3-f1_f3-g2_g8-h2
G93855LZ	2-6 Sialyl Lewis x,2-6 Sialyl i-Lewis x	WURCS=2.0/4,6,5/[a2122h-1b_1-5_2*NCC/3=O][a1221m-1a_1-5][a2112h-1b_1-5][Aad21122h-2a_2-6_5*NCC/3=O]/1-2-3-1-3-4/a3-b1_a4-c1_c3-d1_d4-e1_e6-f2
G93899SO	GT3	WURCS=2.0/3,5,4/[a2122h-1b_1-5][a2112h-1b_1-5][Aad21122h-2a_2-6_5*NCC/3=O]/1-2-3-3-3/a4-b1_b3-c2_c8-d2_d8-e2
G93910CU	Neu5Ac(a2-8)Neu5Ac(a2-3)Gal(b1-3)GalNAc	WURCS=2.0/3,4,3/[a2112h-1x_1-5_2*NCC/3=O][a2112h-1b_1-5][Aad21122h-2a_2-6_5*NCC/3=O]/1-2-3-3/a3-b1_b3-c2_c8-d2
G94231FZ		WURCS=2.0/3,3,2/[a2112h-1x_1-5][a2122h-1b_1-5_2*NCC/3=O][a2112h-1b_1-5]/1-2-3/a4-b1_b3-c1
G94435QH	H antigen (type 3),Blood Group H Type 3	WURCS=2.0/3,3,2/[a2112h-1a_1-5_2*NCC/3=O][a2112h-1b_1-5][a1221m-1a_1-5]/1-2-3/a3-b1_b2-c1
G94938PL	B type 1 B Lewis b	WURCS=2.0/5,6,5/[a2112h-1x_1-5][a2122h-1b_1-5_2*NCC/3=O][a2112h-1b_1-5][a1221m-1a_1-5][a2112h-1a_1-5]/1-2-3-4-5-4/a3-b1_b3-c1_b4-f1_c2-d1_c3-e1
G94956AW	Blood Group B Type 2	WURCS=2.0/4,4,3/[a2122h-1b_1-5_2*NCC/3=O][a2112h-1b_1-5][a1221m-1a_1-5][a2112h-1a_1-5]/1-2-3-4/a4-b1_b2-c1_b3-d1
G95034OI		WURCS=2.0/4,4,3/[a2122h-1b_1-5][a2112h-1b_1-5][a2112h-1b_1-5_2*NCC/3=O][a2112h-1a_1-5_2*NCC/3=O]/1-2-3-4/a4-b1_b3-c1_c3-d1
G95090DW	Sulfatide,Seminolipid	WURCS=2.0/1,1,0/[a2112h-1b_1-5_3*SO/2=O/2=O]/1/
G95233MF	Neu5Ac(a2-8)Neu5Gc(a2-3)Gal(b1-4)Glc	WURCS=2.0/4,4,3/[a2122h-1x_1-5][a2112h-1b_1-5][Aad21122h-2a_2-6_5*NCCO/3=O][Aad21122h-2a_2-6_5*NCC/3=O]/1-2-3-4/a4-b1_b3-c2_c8-d2
G95440AP		WURCS=2.0/3,3,2/[a2122h-1b_1-5_2*NCC/3=O][a2112h-1b_1-5_2*NCC/3=O][Aad21122h-2a_2-6_5*NCC/3=O]/1-2-3/a4-b1_b3-c2
G96152FT		WURCS=2.0/4,7,6/[a2122h-1x_1-5_2*OSO/3=O/3=O_6*OSO/3=O/3=O_?*N][a2121A-1a_1-5_2*OSO/3=O/3=O][a2122h-1a_1-5_2*OSO/3=O/3=O_6*OSO/3=O/3=O_?*N][a2122h-1a_1-5_?*N]/1-2-3-2-3-2-4/a4-b1_b4-c1_c4-d1_d4-e1_e4-f1_f4-g1
G96238FJ	I Antigen Like	WURCS=2.0/4,6,5/[a2122h-1b_1-5_2*NCC/3=O][a2112h-1b_1-5][a2122h-1x_1-5_2*NCC/3=O][a2112h-1x_1-5]/1-2-3-4-3-4/a4-b1_b?-c1_b?-e1_c?-d1_e?-f1
G96400MT	Sialopentaosylceramide	WURCS=2.0/5,6,5/[a2122h-1x_1-5][a2112h-1b_1-5][a2122h-1b_1-5_2*NCC/3=O][Aad21122h-2a_2-6_5*NCC/3=O][a2112h-1b_1-5_2*NCC/3=O]/1-2-3-2-4-5/a4-b1_b3-c1_c4-d1_d3-e2_d4-f1
G96401FK		WURCS=2.0/5,6,5/[a2122h-1b_1-5][a2112h-1b_1-5][a2122h-1b_1-5_2*NCC/3=O][a1221m-1a_1-5][Aad21122h-2a_2-6_5*NCC/3=O]/1-2-3-4-2-5/a4-b1_b3-c1_c3-d1_c4-e1_e3-f2
G96428WC		WURCS=2.0/5,5,4/[a2122h-1x_1-5][a2112h-1b_1-5][a2112h-1a_1-5][a2112h-1b_1-5_2*NCC/3=O][a2112h-1a_1-5_2*NCC/3=O]/1-2-3-4-5/a4-b1_b4-c1_c3-d1_d3-e1
G96596OC	Monosulfated gangliotetraosylceramide	WURCS=2.0/4,4,3/[a2122h-1b_1-5][a2112h-1b_1-5][a2112h-1b_1-5_2*NCC/3=O][a2112h-1b_1-5_3*OSO/3=O/3=O]/1-2-3-4/a4-b1_b4-c1_c3-d1
G96614JE		WURCS=2.0/4,4,3/[a2122h-1b_1-5][a2112h-1b_1-5][a2112h-1b_1-5_2*NCC/3=O][a2112h-1b_1-5_?*OSO/3=O/3=O]/1-2-3-4/a4-b1_b4-c1_c3-d1
G96865DJ		WURCS=2.0/3,3,2/[a2122h-1b_1-5_2*NCC/3=O][a1221m-1a_1-5][a2112h-1b_1-5_2*NCC/3=O]/1-2-3/a3-b1_a4-c1
G96874XX		WURCS=2.0/5,5,4/[a2112h-1x_1-5][a2122h-1b_1-5_2*NCC/3=O][a1221m-1a_1-5][a2112h-1b_1-5][Aad21122h-2a_2-6_5*NCC/3=O]/1-2-3-4-5/a3-b1_b3-c1_b4-d1_d3-e2
G97013VN		WURCS=2.0/4,5,4/[a2112h-1x_1-5][a2122h-1b_1-5_2*NCC/3=O][a1221m-1a_1-5][a2112h-1b_1-5]/1-2-3-4-3/a3-b1_b3-c1_b4-d1_d2-e1
G97345NY	SLex Core 2 O-glycan glycan,SLex Core 2 O-glycan	WURCS=2.0/5,7,6/[a2112h-1a_1-5_2*NCC/3=O][a2112h-1b_1-5][Aad21122h-2a_2-6_5*NCC/3=O][a2122h-1b_1-5_2*NCC/3=O][a1221m-1a_1-5]/1-2-3-4-5-2-3/a3-b1_a6-d1_b3-c2_d3-e1_d4-f1_f3-g2
G97501MA	Blood group A (type 1) (A-Leb),Blood Group A Type 1 (difucosyl),Blood group A (type 1)  (A-Lewis b),Blood group A (type 1),A-Leb	WURCS=2.0/4,5,4/[a2122h-1b_1-5_2*NCC/3=O][a2112h-1b_1-5][a1221m-1a_1-5][a2112h-1a_1-5_2*NCC/3=O]/1-2-3-4-3/a3-b1_a4-e1_b2-c1_b3-d1
G97569KL	Disialylactose	WURCS=2.0/2,2,1/[Aad21122h-2x_2-6_5*NCC/3=O][Aad21122h-2a_2-6_5*NCC/3=O]/1-2/a8-b2
G97612UN	GD1b	WURCS=2.0/4,6,5/[a2122h-1x_1-5][a2112h-1b_1-5][Aad21122h-2a_2-6_5*NCC/3=O][a2112h-1b_1-5_2*NCC/3=O]/1-2-3-3-4-2/a4-b1_b3-c2_b4-e1_c8-d2_e3-f1
G97932OH	Disialosyl galactosyl globoside,Disialyl Gb5,Disialosyl globopentaosylceramide	WURCS=2.0/5,7,6/[a2122h-1b_1-5][a2112h-1b_1-5][a2112h-1a_1-5][a2112h-1b_1-5_2*NCC/3=O][Aad21122h-2a_2-6_5*NCC/3=O]/1-2-3-4-2-5-5/a4-b1_b4-c1_c3-d1_d3-e1_d6-g2_e3-f2
G98066UT		WURCS=2.0/4,9,8/[a2122h-1b_1-5_2*NCC/3=O][a1122h-1b_1-5][a1122h-1a_1-5][a2112h-1b_1-5_2*NCC/3=O]/1-1-2-3-1-4-3-1-4/a4-b1_b4-c1_c3-d1_c6-g1_d4-e1_e4-f1_g4-h1_h4-i1
G98173LG		WURCS=2.0/4,5,4/[a2122h-1x_1-5][a2112h-1b_1-5][a2122h-1b_1-5_2*NCC/3=O][a1221m-1a_1-5]/1-2-3-2-4/a4-b1_b3-c1_c3-d1_c4-e1
G98465JN	GL-6 fucosylated (globoH),Blood group H (type 4),GL-6 fucosylated,globoH	WURCS=2.0/5,6,5/[a2122h-1b_1-5][a2112h-1b_1-5][a2112h-1a_1-5][a2112h-1b_1-5_2*NCC/3=O][a1221m-1a_1-5]/1-2-3-4-2-5/a4-b1_b4-c1_c3-d1_d3-e1_e2-f1
G98482BC	Ceramide dihexosyl sulfate	WURCS=2.0/2,2,1/[a2112h-1b_1-5][a2112h-1b_1-5_3*SO/2=O/2=O]/1-2/a4-b1
G98544DH	N-Acetyl GD3,9-O-Acetyl GD3,GD3	WURCS=2.0/3,4,3/[a2122h-1b_1-5][a2112h-1b_1-5][Aad21122h-2a_2-6_5*NCC/3=O]/1-2-3-3/a4-b1_b3-c2_c8-d2
G98750DB	Sialosyl paragloboside	WURCS=2.0/5,6,5/[a2122h-1x_1-5][a2112h-1b_1-5][a2122h-1b_1-5_2*NCC/3=O][a2112h-1b_1-5_2*NCC/3=O][Aad21122h-2a_2-6_5*NCC/3=O]/1-2-3-2-4-5/a4-b1_b3-c1_c4-d1_d3-e1_e3-f2
G98848EU	para-Forssman glycolipid	WURCS=2.0/4,5,4/[a2122h-1x_1-5][a2112h-1b_1-5][a2112h-1a_1-5][a2112h-1b_1-5_2*NCC/3=O]/1-2-3-4-4/a4-b1_b4-c1_c3-d1_d3-e1
G99053DY	Gal(b1-3) globoside,SSEA,Galactosylgloboside,Gb5,SSEA-3	WURCS=2.0/4,5,4/[a2122h-1b_1-5][a2112h-1b_1-5][a2112h-1a_1-5][a2112h-1b_1-5_2*NCC/3=O]/1-2-3-4-2/a4-b1_b4-c1_c3-d1_d3-e1
G99315PE	A antigen (type 3),Blood Group A Type 3	WURCS=2.0/3,4,3/[a2112h-1a_1-5_2*NCC/3=O][a2112h-1b_1-5][a1221m-1a_1-5]/1-2-3-1/a3-b1_b2-c1_b3-d1
G99524KA	GQ1c	WURCS=2.0/4,8,7/[a2122h-1b_1-5][a2112h-1b_1-5][Aad21122h-2a_2-6_5*NCC/3=O][a2112h-1b_1-5_2*NCC/3=O]/1-2-3-3-3-4-2-3/a4-b1_b3-c2_b4-f1_c8-d2_d8-e2_f3-g1_g3-h2
G99560EQ		WURCS=2.0/3,4,3/[a2122h-1x_1-5][a2112h-1b_1-5][a2112h-1b_1-5_2*NCC/3=O]/1-2-3-2/a4-b1_b4-c1_c4-d1
G99710RT		WURCS=2.0/4,6,5/[a2121A-1x_1-5_2*OSO/3=O/3=O][a2122h-1a_1-5_2*OSO/3=O/3=O_6*OSO/3=O/3=O_?*N][a2121A-1a_1-5_2*OSO/3=O/3=O][a2122h-1a_1-5_?*N]/1-2-3-2-3-4/a4-b1_b4-c1_c4-d1_d4-e1_e4-f1
G99745QX	Sulfated sialyl-3-N-acetyllactosamine,Sialyl 6-Sulfo LacNAc	WURCS=2.0/3,3,2/[a2122h-1b_1-5_2*NCC/3=O_6*OSO/3=O/3=O][a2112h-1b_1-5][Aad21122h-2a_2-6_5*NCC/3=O]/1-2-3/a4-b1_b3-c2